model_name,attack_name,acc,prec,rec,f1,l0_pixels,l1,l2,linf,power_mse,time,n_samples
resnet18,FGSM,4.0,2.5,2.222222222222222,2.3529411764705883,0,0,0,0,0,1.1234636306762695,50
resnet18,PGD,0.0,0.0,0.0,0.0,0,0,0,0,0,2.6576788425445557,50
