model_name,attack_name,acc,prec,rec,f1,l0_pixels,l1,l2,linf,power_mse,time,n_samples
vgg16,FGSM,41.30434782608695,33.89285714285714,34.8968253968254,33.183792815371774,0,0,0,0,0,1.3301622867584229,46
vgg16,PGD,30.434782608695656,29.865079365079367,27.753968253968253,27.31818181818182,0,0,0,0,0,4.157133340835571,46
