source_model,target_model,attack_name,total_images,total_successful_attacks,transfer_success,transfer_rate,attack_success_rate,timestamp
densenet121_advanced,efficientnet_b0_advanced,APGD,500,487,68,0.13963039014373715,0.974,2026-05-13 22:53:57
densenet121_advanced,inception_v3_advanced,APGD,500,482,109,0.22614107883817428,0.964,2026-05-13 22:53:58
densenet121_advanced,mobilenet_v2_advanced,APGD,500,485,108,0.22268041237113403,0.97,2026-05-13 22:53:59
densenet121_advanced,resnet18_advanced,APGD,500,476,135,0.28361344537815125,0.952,2026-05-13 22:53:59
densenet121_advanced,swin_t_advanced,APGD,500,458,48,0.10480349344978165,0.916,2026-05-13 22:54:01
densenet121_advanced,densenet121_adv_passive,APGD,500,490,54,0.11020408163265306,0.98,2026-05-13 22:54:02
densenet121_advanced,efficientnet_b0_adv_passive,APGD,500,498,10,0.020080321285140562,0.996,2026-05-13 22:54:02
densenet121_advanced,inception_v3_adv_passive,APGD,500,489,19,0.03885480572597137,0.978,2026-05-13 22:54:03
densenet121_advanced,mobilenet_v2_adv_passive,APGD,500,494,17,0.03441295546558704,0.988,2026-05-13 22:54:04
densenet121_advanced,resnet18_adv_passive,APGD,500,495,27,0.05454545454545454,0.99,2026-05-13 22:54:04
densenet121_advanced,swin_t_adv_passive,APGD,500,491,17,0.034623217922606926,0.982,2026-05-13 22:54:05
densenet121_advanced,efficientnet_b0_advanced,APGDT,500,486,46,0.09465020576131687,0.972,2026-05-13 23:00:38
densenet121_advanced,inception_v3_advanced,APGDT,500,480,65,0.13541666666666666,0.96,2026-05-13 23:00:39
densenet121_advanced,mobilenet_v2_advanced,APGDT,500,485,58,0.11958762886597939,0.97,2026-05-13 23:00:39
densenet121_advanced,resnet18_advanced,APGDT,500,480,60,0.125,0.96,2026-05-13 23:00:40
densenet121_advanced,swin_t_advanced,APGDT,500,448,34,0.07589285714285714,0.896,2026-05-13 23:00:41
densenet121_advanced,densenet121_adv_passive,APGDT,500,494,24,0.048582995951417005,0.988,2026-05-13 23:00:42
densenet121_advanced,efficientnet_b0_adv_passive,APGDT,500,499,6,0.012024048096192385,0.998,2026-05-13 23:00:42
densenet121_advanced,inception_v3_adv_passive,APGDT,500,490,6,0.012244897959183673,0.98,2026-05-13 23:00:43
densenet121_advanced,mobilenet_v2_adv_passive,APGDT,500,496,16,0.03225806451612903,0.992,2026-05-13 23:00:43
densenet121_advanced,resnet18_adv_passive,APGDT,500,488,8,0.01639344262295082,0.976,2026-05-13 23:00:44
densenet121_advanced,swin_t_adv_passive,APGDT,500,491,12,0.024439918533604887,0.982,2026-05-13 23:00:45
densenet121_advanced,efficientnet_b0_advanced,BIM,500,486,129,0.2654320987654321,0.972,2026-05-13 23:05:56
densenet121_advanced,inception_v3_advanced,BIM,500,480,159,0.33125,0.96,2026-05-13 23:05:57
densenet121_advanced,mobilenet_v2_advanced,BIM,500,485,127,0.2618556701030928,0.97,2026-05-13 23:05:58
densenet121_advanced,resnet18_advanced,BIM,500,480,202,0.42083333333333334,0.96,2026-05-13 23:05:58
densenet121_advanced,swin_t_advanced,BIM,500,448,60,0.13392857142857142,0.896,2026-05-13 23:05:59
densenet121_advanced,densenet121_adv_passive,BIM,500,494,79,0.15991902834008098,0.988,2026-05-13 23:06:00
densenet121_advanced,efficientnet_b0_adv_passive,BIM,500,499,19,0.03807615230460922,0.998,2026-05-13 23:06:01
densenet121_advanced,inception_v3_adv_passive,BIM,500,490,28,0.05714285714285714,0.98,2026-05-13 23:06:01
densenet121_advanced,mobilenet_v2_adv_passive,BIM,500,496,32,0.06451612903225806,0.992,2026-05-13 23:06:02
densenet121_advanced,resnet18_adv_passive,BIM,500,488,39,0.07991803278688525,0.976,2026-05-13 23:06:02
densenet121_advanced,swin_t_adv_passive,BIM,500,491,30,0.06109979633401222,0.982,2026-05-13 23:06:03
densenet121_advanced,efficientnet_b0_advanced,CW,500,481,2,0.004158004158004158,0.962,2026-05-13 23:19:54
densenet121_advanced,inception_v3_advanced,CW,500,475,5,0.010526315789473684,0.95,2026-05-13 23:19:54
densenet121_advanced,mobilenet_v2_advanced,CW,500,490,6,0.012244897959183673,0.98,2026-05-13 23:19:55
densenet121_advanced,resnet18_advanced,CW,500,478,6,0.012552301255230125,0.956,2026-05-13 23:19:55
densenet121_advanced,swin_t_advanced,CW,500,452,7,0.015486725663716814,0.904,2026-05-13 23:19:57
densenet121_advanced,densenet121_adv_passive,CW,500,494,1,0.0020242914979757085,0.988,2026-05-13 23:19:57
densenet121_advanced,efficientnet_b0_adv_passive,CW,500,500,0,0.0,1.0,2026-05-13 23:19:58
densenet121_advanced,inception_v3_adv_passive,CW,500,490,0,0.0,0.98,2026-05-13 23:19:59
densenet121_advanced,mobilenet_v2_adv_passive,CW,500,499,0,0.0,0.998,2026-05-13 23:19:59
densenet121_advanced,resnet18_adv_passive,CW,500,496,3,0.006048387096774193,0.992,2026-05-13 23:20:00
densenet121_advanced,swin_t_adv_passive,CW,500,495,1,0.00202020202020202,0.99,2026-05-13 23:20:01
densenet121_advanced,efficientnet_b0_advanced,DeepFool,500,487,0,0.0,0.974,2026-05-13 23:31:55
densenet121_advanced,inception_v3_advanced,DeepFool,500,482,3,0.006224066390041493,0.964,2026-05-13 23:31:56
densenet121_advanced,mobilenet_v2_advanced,DeepFool,500,486,1,0.00205761316872428,0.972,2026-05-13 23:31:56
densenet121_advanced,resnet18_advanced,DeepFool,500,486,5,0.0102880658436214,0.972,2026-05-13 23:31:57
densenet121_advanced,swin_t_advanced,DeepFool,500,462,3,0.006493506493506494,0.924,2026-05-13 23:31:58
densenet121_advanced,densenet121_adv_passive,DeepFool,500,493,1,0.002028397565922921,0.986,2026-05-13 23:31:59
densenet121_advanced,efficientnet_b0_adv_passive,DeepFool,500,500,0,0.0,1.0,2026-05-13 23:31:59
densenet121_advanced,inception_v3_adv_passive,DeepFool,500,488,2,0.004098360655737705,0.976,2026-05-13 23:32:00
densenet121_advanced,mobilenet_v2_adv_passive,DeepFool,500,496,0,0.0,0.992,2026-05-13 23:32:01
densenet121_advanced,resnet18_adv_passive,DeepFool,500,493,1,0.002028397565922921,0.986,2026-05-13 23:32:01
densenet121_advanced,swin_t_adv_passive,DeepFool,500,493,0,0.0,0.986,2026-05-13 23:32:02
densenet121_advanced,efficientnet_b0_advanced,DIFGSM,500,491,117,0.23828920570264767,0.982,2026-05-13 23:37:15
densenet121_advanced,inception_v3_advanced,DIFGSM,500,480,176,0.36666666666666664,0.96,2026-05-13 23:37:16
densenet121_advanced,mobilenet_v2_advanced,DIFGSM,500,485,142,0.2927835051546392,0.97,2026-05-13 23:37:16
densenet121_advanced,resnet18_advanced,DIFGSM,500,485,232,0.47835051546391755,0.97,2026-05-13 23:37:17
densenet121_advanced,swin_t_advanced,DIFGSM,500,462,73,0.15800865800865802,0.924,2026-05-13 23:37:18
densenet121_advanced,densenet121_adv_passive,DIFGSM,500,494,69,0.1396761133603239,0.988,2026-05-13 23:37:19
densenet121_advanced,efficientnet_b0_adv_passive,DIFGSM,500,500,20,0.04,1.0,2026-05-13 23:37:19
densenet121_advanced,inception_v3_adv_passive,DIFGSM,500,490,33,0.0673469387755102,0.98,2026-05-13 23:37:20
densenet121_advanced,mobilenet_v2_adv_passive,DIFGSM,500,496,35,0.07056451612903226,0.992,2026-05-13 23:37:21
densenet121_advanced,resnet18_adv_passive,DIFGSM,500,493,63,0.12778904665314403,0.986,2026-05-13 23:37:21
densenet121_advanced,swin_t_adv_passive,DIFGSM,500,496,29,0.05846774193548387,0.992,2026-05-13 23:37:22
densenet121_advanced,efficientnet_b0_advanced,EADEN,500,480,2,0.004166666666666667,0.96,2026-05-14 00:46:24
densenet121_advanced,inception_v3_advanced,EADEN,500,473,5,0.010570824524312896,0.946,2026-05-14 00:46:25
densenet121_advanced,mobilenet_v2_advanced,EADEN,500,485,5,0.010309278350515464,0.97,2026-05-14 00:46:25
densenet121_advanced,resnet18_advanced,EADEN,500,475,5,0.010526315789473684,0.95,2026-05-14 00:46:26
densenet121_advanced,swin_t_advanced,EADEN,500,456,5,0.010964912280701754,0.912,2026-05-14 00:46:27
densenet121_advanced,densenet121_adv_passive,EADEN,500,493,1,0.002028397565922921,0.986,2026-05-14 00:46:28
densenet121_advanced,efficientnet_b0_adv_passive,EADEN,500,498,0,0.0,0.996,2026-05-14 00:46:28
densenet121_advanced,inception_v3_adv_passive,EADEN,500,484,1,0.002066115702479339,0.968,2026-05-14 00:46:29
densenet121_advanced,mobilenet_v2_adv_passive,EADEN,500,494,0,0.0,0.988,2026-05-14 00:46:30
densenet121_advanced,resnet18_adv_passive,EADEN,500,487,0,0.0,0.974,2026-05-14 00:46:30
densenet121_advanced,swin_t_adv_passive,EADEN,500,489,0,0.0,0.978,2026-05-14 00:46:31
densenet121_advanced,efficientnet_b0_advanced,EADL1,500,489,1,0.002044989775051125,0.978,2026-05-14 01:55:47
densenet121_advanced,inception_v3_advanced,EADL1,500,488,2,0.004098360655737705,0.976,2026-05-14 01:55:48
densenet121_advanced,mobilenet_v2_advanced,EADL1,500,485,3,0.006185567010309278,0.97,2026-05-14 01:55:49
densenet121_advanced,resnet18_advanced,EADL1,500,481,5,0.010395010395010396,0.962,2026-05-14 01:55:49
densenet121_advanced,swin_t_advanced,EADL1,500,465,5,0.010752688172043012,0.93,2026-05-14 01:55:50
densenet121_advanced,densenet121_adv_passive,EADL1,500,492,1,0.0020325203252032522,0.984,2026-05-14 01:55:51
densenet121_advanced,efficientnet_b0_adv_passive,EADL1,500,499,0,0.0,0.998,2026-05-14 01:55:52
densenet121_advanced,inception_v3_adv_passive,EADL1,500,491,2,0.004073319755600814,0.982,2026-05-14 01:55:53
densenet121_advanced,mobilenet_v2_adv_passive,EADL1,500,497,0,0.0,0.994,2026-05-14 01:55:53
densenet121_advanced,resnet18_adv_passive,EADL1,500,491,0,0.0,0.982,2026-05-14 01:55:54
densenet121_advanced,swin_t_adv_passive,EADL1,500,494,0,0.0,0.988,2026-05-14 01:55:55
densenet121_advanced,efficientnet_b0_advanced,EOTPGD,500,483,106,0.2194616977225673,0.966,2026-05-14 02:06:02
densenet121_advanced,inception_v3_advanced,EOTPGD,500,476,147,0.3088235294117647,0.952,2026-05-14 02:06:02
densenet121_advanced,mobilenet_v2_advanced,EOTPGD,500,483,132,0.2732919254658385,0.966,2026-05-14 02:06:03
densenet121_advanced,resnet18_advanced,EOTPGD,500,475,188,0.3957894736842105,0.95,2026-05-14 02:06:03
densenet121_advanced,swin_t_advanced,EOTPGD,500,457,76,0.16630196936542668,0.914,2026-05-14 02:06:05
densenet121_advanced,densenet121_adv_passive,EOTPGD,500,489,79,0.16155419222903886,0.978,2026-05-14 02:06:06
densenet121_advanced,efficientnet_b0_adv_passive,EOTPGD,500,500,16,0.032,1.0,2026-05-14 02:06:06
densenet121_advanced,inception_v3_adv_passive,EOTPGD,500,489,21,0.04294478527607362,0.978,2026-05-14 02:06:07
densenet121_advanced,mobilenet_v2_adv_passive,EOTPGD,500,497,33,0.06639839034205232,0.994,2026-05-14 02:06:07
densenet121_advanced,resnet18_adv_passive,EOTPGD,500,493,44,0.08924949290060852,0.986,2026-05-14 02:06:08
densenet121_advanced,swin_t_adv_passive,EOTPGD,500,497,26,0.052313883299798795,0.994,2026-05-14 02:06:09
densenet121_advanced,efficientnet_b0_advanced,FAB,500,488,2,0.004098360655737705,0.976,2026-05-14 02:39:57
densenet121_advanced,inception_v3_advanced,FAB,500,479,2,0.0041753653444676405,0.958,2026-05-14 02:39:58
densenet121_advanced,mobilenet_v2_advanced,FAB,500,484,0,0.0,0.968,2026-05-14 02:39:58
densenet121_advanced,resnet18_advanced,FAB,500,479,1,0.0020876826722338203,0.958,2026-05-14 02:39:59
densenet121_advanced,swin_t_advanced,FAB,500,458,1,0.002183406113537118,0.916,2026-05-14 02:40:00
densenet121_advanced,densenet121_adv_passive,FAB,500,495,0,0.0,0.99,2026-05-14 02:40:01
densenet121_advanced,efficientnet_b0_adv_passive,FAB,500,500,0,0.0,1.0,2026-05-14 02:40:02
densenet121_advanced,inception_v3_adv_passive,FAB,500,488,1,0.0020491803278688526,0.976,2026-05-14 02:40:02
densenet121_advanced,mobilenet_v2_adv_passive,FAB,500,494,0,0.0,0.988,2026-05-14 02:40:03
densenet121_advanced,resnet18_adv_passive,FAB,500,493,1,0.002028397565922921,0.986,2026-05-14 02:40:03
densenet121_advanced,swin_t_adv_passive,FAB,500,494,0,0.0,0.988,2026-05-14 02:40:04
densenet121_advanced,efficientnet_b0_advanced,FFGSM,500,493,71,0.1440162271805274,0.986,2026-05-14 02:40:48
densenet121_advanced,inception_v3_advanced,FFGSM,500,491,90,0.18329938900203666,0.982,2026-05-14 02:40:49
densenet121_advanced,mobilenet_v2_advanced,FFGSM,500,484,90,0.1859504132231405,0.968,2026-05-14 02:40:50
densenet121_advanced,resnet18_advanced,FFGSM,500,475,91,0.19157894736842104,0.95,2026-05-14 02:40:50
densenet121_advanced,swin_t_advanced,FFGSM,500,456,61,0.1337719298245614,0.912,2026-05-14 02:40:51
densenet121_advanced,densenet121_adv_passive,FFGSM,500,496,29,0.05846774193548387,0.992,2026-05-14 02:40:52
densenet121_advanced,efficientnet_b0_adv_passive,FFGSM,500,499,8,0.01603206412825651,0.998,2026-05-14 02:40:53
densenet121_advanced,inception_v3_adv_passive,FFGSM,500,497,21,0.04225352112676056,0.994,2026-05-14 02:40:54
densenet121_advanced,mobilenet_v2_adv_passive,FFGSM,500,498,24,0.04819277108433735,0.996,2026-05-14 02:40:54
densenet121_advanced,resnet18_adv_passive,FFGSM,500,494,26,0.05263157894736842,0.988,2026-05-14 02:40:54
densenet121_advanced,swin_t_adv_passive,FFGSM,500,492,12,0.024390243902439025,0.984,2026-05-14 02:40:56
densenet121_advanced,efficientnet_b0_advanced,FGSM,500,488,89,0.18237704918032788,0.976,2026-05-14 02:41:40
densenet121_advanced,inception_v3_advanced,FGSM,500,481,107,0.22245322245322247,0.962,2026-05-14 02:41:41
densenet121_advanced,mobilenet_v2_advanced,FGSM,500,482,104,0.2157676348547718,0.964,2026-05-14 02:41:42
densenet121_advanced,resnet18_advanced,FGSM,500,480,111,0.23125,0.96,2026-05-14 02:41:42
densenet121_advanced,swin_t_advanced,FGSM,500,466,84,0.18025751072961374,0.932,2026-05-14 02:41:43
densenet121_advanced,densenet121_adv_passive,FGSM,500,493,30,0.060851926977687626,0.986,2026-05-14 02:41:44
densenet121_advanced,efficientnet_b0_adv_passive,FGSM,500,498,8,0.01606425702811245,0.996,2026-05-14 02:41:45
densenet121_advanced,inception_v3_adv_passive,FGSM,500,487,22,0.045174537987679675,0.974,2026-05-14 02:41:45
densenet121_advanced,mobilenet_v2_adv_passive,FGSM,500,495,23,0.046464646464646465,0.99,2026-05-14 02:41:46
densenet121_advanced,resnet18_adv_passive,FGSM,500,490,38,0.07755102040816327,0.98,2026-05-14 02:41:46
densenet121_advanced,swin_t_adv_passive,FGSM,500,495,26,0.052525252525252523,0.99,2026-05-14 02:41:47
densenet121_advanced,efficientnet_b0_advanced,GN,500,475,356,0.7494736842105263,0.95,2026-05-14 02:42:36
densenet121_advanced,inception_v3_advanced,GN,500,468,303,0.6474358974358975,0.936,2026-05-14 02:42:37
densenet121_advanced,mobilenet_v2_advanced,GN,500,472,278,0.5889830508474576,0.944,2026-05-14 02:42:37
densenet121_advanced,resnet18_advanced,GN,500,465,337,0.7247311827956989,0.93,2026-05-14 02:42:38
densenet121_advanced,swin_t_advanced,GN,500,421,270,0.6413301662707839,0.842,2026-05-14 02:42:39
densenet121_advanced,densenet121_adv_passive,GN,500,482,47,0.0975103734439834,0.964,2026-05-14 02:42:40
densenet121_advanced,efficientnet_b0_adv_passive,GN,500,499,279,0.5591182364729459,0.998,2026-05-14 02:42:41
densenet121_advanced,inception_v3_adv_passive,GN,500,482,51,0.10580912863070539,0.964,2026-05-14 02:42:41
densenet121_advanced,mobilenet_v2_adv_passive,GN,500,495,76,0.15353535353535352,0.99,2026-05-14 02:42:42
densenet121_advanced,resnet18_adv_passive,GN,500,491,23,0.04684317718940937,0.982,2026-05-14 02:42:42
densenet121_advanced,swin_t_adv_passive,GN,500,490,71,0.14489795918367346,0.98,2026-05-14 02:42:43
densenet121_advanced,efficientnet_b0_advanced,Jitter,500,488,22,0.045081967213114756,0.976,2026-05-14 02:48:39
densenet121_advanced,inception_v3_advanced,Jitter,500,481,43,0.0893970893970894,0.962,2026-05-14 02:48:39
densenet121_advanced,mobilenet_v2_advanced,Jitter,500,492,51,0.10365853658536585,0.984,2026-05-14 02:48:40
densenet121_advanced,resnet18_advanced,Jitter,500,482,49,0.1016597510373444,0.964,2026-05-14 02:48:41
densenet121_advanced,swin_t_advanced,Jitter,500,457,23,0.05032822757111598,0.914,2026-05-14 02:48:42
densenet121_advanced,densenet121_adv_passive,Jitter,500,494,18,0.03643724696356275,0.988,2026-05-14 02:48:43
densenet121_advanced,efficientnet_b0_adv_passive,Jitter,500,497,3,0.006036217303822937,0.994,2026-05-14 02:48:43
densenet121_advanced,inception_v3_adv_passive,Jitter,500,489,6,0.012269938650306749,0.978,2026-05-14 02:48:44
densenet121_advanced,mobilenet_v2_adv_passive,Jitter,500,495,8,0.01616161616161616,0.99,2026-05-14 02:48:44
densenet121_advanced,resnet18_adv_passive,Jitter,500,495,12,0.024242424242424242,0.99,2026-05-14 02:48:45
densenet121_advanced,swin_t_adv_passive,Jitter,500,490,6,0.012244897959183673,0.98,2026-05-14 02:48:46
densenet121_advanced,efficientnet_b0_advanced,MIFGSM,500,489,113,0.2310838445807771,0.978,2026-05-14 02:53:55
densenet121_advanced,inception_v3_advanced,MIFGSM,500,486,168,0.345679012345679,0.972,2026-05-14 02:53:56
densenet121_advanced,mobilenet_v2_advanced,MIFGSM,500,488,158,0.3237704918032787,0.976,2026-05-14 02:53:56
densenet121_advanced,resnet18_advanced,MIFGSM,500,482,199,0.41286307053941906,0.964,2026-05-14 02:53:57
densenet121_advanced,swin_t_advanced,MIFGSM,500,470,78,0.16595744680851063,0.94,2026-05-14 02:53:58
densenet121_advanced,densenet121_adv_passive,MIFGSM,500,496,93,0.1875,0.992,2026-05-14 02:53:59
densenet121_advanced,efficientnet_b0_adv_passive,MIFGSM,500,498,18,0.03614457831325301,0.996,2026-05-14 02:53:59
densenet121_advanced,inception_v3_adv_passive,MIFGSM,500,490,21,0.04285714285714286,0.98,2026-05-14 02:54:00
densenet121_advanced,mobilenet_v2_adv_passive,MIFGSM,500,496,36,0.07258064516129033,0.992,2026-05-14 02:54:00
densenet121_advanced,resnet18_adv_passive,MIFGSM,500,495,59,0.1191919191919192,0.99,2026-05-14 02:54:01
densenet121_advanced,swin_t_adv_passive,MIFGSM,500,494,36,0.0728744939271255,0.988,2026-05-14 02:54:02
densenet121_advanced,efficientnet_b0_advanced,NIFGSM,500,486,116,0.23868312757201646,0.972,2026-05-14 02:59:13
densenet121_advanced,inception_v3_advanced,NIFGSM,500,482,170,0.35269709543568467,0.964,2026-05-14 02:59:14
densenet121_advanced,mobilenet_v2_advanced,NIFGSM,500,488,134,0.27459016393442626,0.976,2026-05-14 02:59:14
densenet121_advanced,resnet18_advanced,NIFGSM,500,482,200,0.4149377593360996,0.964,2026-05-14 02:59:15
densenet121_advanced,swin_t_advanced,NIFGSM,500,466,92,0.19742489270386265,0.932,2026-05-14 02:59:16
densenet121_advanced,densenet121_adv_passive,NIFGSM,500,492,70,0.14227642276422764,0.984,2026-05-14 02:59:17
densenet121_advanced,efficientnet_b0_adv_passive,NIFGSM,500,499,14,0.028056112224448898,0.998,2026-05-14 02:59:17
densenet121_advanced,inception_v3_adv_passive,NIFGSM,500,494,22,0.044534412955465584,0.988,2026-05-14 02:59:18
densenet121_advanced,mobilenet_v2_adv_passive,NIFGSM,500,499,34,0.06813627254509018,0.998,2026-05-14 02:59:18
densenet121_advanced,resnet18_adv_passive,NIFGSM,500,491,48,0.09775967413441955,0.982,2026-05-14 02:59:19
densenet121_advanced,swin_t_adv_passive,NIFGSM,500,491,32,0.06517311608961303,0.982,2026-05-14 02:59:20
densenet121_advanced,efficientnet_b0_advanced,PGD,500,492,106,0.21544715447154472,0.984,2026-05-14 03:04:29
densenet121_advanced,inception_v3_advanced,PGD,500,479,145,0.302713987473904,0.958,2026-05-14 03:04:30
densenet121_advanced,mobilenet_v2_advanced,PGD,500,487,127,0.26078028747433263,0.974,2026-05-14 03:04:31
densenet121_advanced,resnet18_advanced,PGD,500,484,193,0.3987603305785124,0.968,2026-05-14 03:04:31
densenet121_advanced,swin_t_advanced,PGD,500,453,54,0.11920529801324503,0.906,2026-05-14 03:04:32
densenet121_advanced,densenet121_adv_passive,PGD,500,490,78,0.15918367346938775,0.98,2026-05-14 03:04:33
densenet121_advanced,efficientnet_b0_adv_passive,PGD,500,495,12,0.024242424242424242,0.99,2026-05-14 03:04:34
densenet121_advanced,inception_v3_adv_passive,PGD,500,487,17,0.03490759753593429,0.974,2026-05-14 03:04:35
densenet121_advanced,mobilenet_v2_adv_passive,PGD,500,496,28,0.056451612903225805,0.992,2026-05-14 03:04:35
densenet121_advanced,resnet18_adv_passive,PGD,500,489,39,0.07975460122699386,0.978,2026-05-14 03:04:36
densenet121_advanced,swin_t_adv_passive,PGD,500,490,25,0.05102040816326531,0.98,2026-05-14 03:04:37
densenet121_advanced,efficientnet_b0_advanced,PGDL2,500,485,9,0.018556701030927835,0.97,2026-05-14 03:10:44
densenet121_advanced,inception_v3_advanced,PGDL2,500,478,14,0.029288702928870293,0.956,2026-05-14 03:10:45
densenet121_advanced,mobilenet_v2_advanced,PGDL2,500,487,7,0.014373716632443531,0.974,2026-05-14 03:10:46
densenet121_advanced,resnet18_advanced,PGDL2,500,482,14,0.029045643153526972,0.964,2026-05-14 03:10:46
densenet121_advanced,swin_t_advanced,PGDL2,500,452,8,0.017699115044247787,0.904,2026-05-14 03:10:47
densenet121_advanced,densenet121_adv_passive,PGDL2,500,495,3,0.006060606060606061,0.99,2026-05-14 03:10:48
densenet121_advanced,efficientnet_b0_adv_passive,PGDL2,500,499,1,0.002004008016032064,0.998,2026-05-14 03:10:49
densenet121_advanced,inception_v3_adv_passive,PGDL2,500,488,2,0.004098360655737705,0.976,2026-05-14 03:10:49
densenet121_advanced,mobilenet_v2_adv_passive,PGDL2,500,495,1,0.00202020202020202,0.99,2026-05-14 03:10:50
densenet121_advanced,resnet18_adv_passive,PGDL2,500,494,5,0.010121457489878543,0.988,2026-05-14 03:10:50
densenet121_advanced,swin_t_adv_passive,PGDL2,500,493,3,0.006085192697768763,0.986,2026-05-14 03:10:51
densenet121_advanced,efficientnet_b0_advanced,PGDRS,500,490,153,0.3122448979591837,0.98,2026-05-14 03:21:11
densenet121_advanced,inception_v3_advanced,PGDRS,500,483,206,0.42650103519668736,0.966,2026-05-14 03:21:12
densenet121_advanced,mobilenet_v2_advanced,PGDRS,500,488,177,0.36270491803278687,0.976,2026-05-14 03:21:13
densenet121_advanced,resnet18_advanced,PGDRS,500,484,247,0.5103305785123967,0.968,2026-05-14 03:21:13
densenet121_advanced,swin_t_advanced,PGDRS,500,465,77,0.16559139784946236,0.93,2026-05-14 03:21:14
densenet121_advanced,densenet121_adv_passive,PGDRS,500,496,96,0.1935483870967742,0.992,2026-05-14 03:21:15
densenet121_advanced,efficientnet_b0_adv_passive,PGDRS,500,497,14,0.028169014084507043,0.994,2026-05-14 03:21:16
densenet121_advanced,inception_v3_adv_passive,PGDRS,500,490,24,0.04897959183673469,0.98,2026-05-14 03:21:16
densenet121_advanced,mobilenet_v2_adv_passive,PGDRS,500,493,44,0.08924949290060852,0.986,2026-05-14 03:21:17
densenet121_advanced,resnet18_adv_passive,PGDRS,500,493,55,0.11156186612576065,0.986,2026-05-14 03:21:17
densenet121_advanced,swin_t_adv_passive,PGDRS,500,490,41,0.0836734693877551,0.98,2026-05-14 03:21:18
densenet121_advanced,efficientnet_b0_advanced,PGDRSL2,500,475,6,0.01263157894736842,0.95,2026-05-14 03:35:01
densenet121_advanced,inception_v3_advanced,PGDRSL2,500,465,20,0.043010752688172046,0.93,2026-05-14 03:35:02
densenet121_advanced,mobilenet_v2_advanced,PGDRSL2,500,470,14,0.029787234042553193,0.94,2026-05-14 03:35:02
densenet121_advanced,resnet18_advanced,PGDRSL2,500,462,28,0.06060606060606061,0.924,2026-05-14 03:35:03
densenet121_advanced,swin_t_advanced,PGDRSL2,500,436,14,0.03211009174311927,0.872,2026-05-14 03:35:04
densenet121_advanced,densenet121_adv_passive,PGDRSL2,500,489,4,0.0081799591002045,0.978,2026-05-14 03:35:05
densenet121_advanced,efficientnet_b0_adv_passive,PGDRSL2,500,497,1,0.002012072434607646,0.994,2026-05-14 03:35:05
densenet121_advanced,inception_v3_adv_passive,PGDRSL2,500,482,3,0.006224066390041493,0.964,2026-05-14 03:35:06
densenet121_advanced,mobilenet_v2_adv_passive,PGDRSL2,500,493,2,0.004056795131845842,0.986,2026-05-14 03:35:07
densenet121_advanced,resnet18_adv_passive,PGDRSL2,500,488,7,0.014344262295081968,0.976,2026-05-14 03:35:07
densenet121_advanced,swin_t_adv_passive,PGDRSL2,500,492,3,0.006097560975609756,0.984,2026-05-14 03:35:08
densenet121_advanced,efficientnet_b0_advanced,RFGSM,500,489,117,0.2392638036809816,0.978,2026-05-14 03:40:15
densenet121_advanced,inception_v3_advanced,RFGSM,500,485,166,0.3422680412371134,0.97,2026-05-14 03:40:16
densenet121_advanced,mobilenet_v2_advanced,RFGSM,500,480,126,0.2625,0.96,2026-05-14 03:40:17
densenet121_advanced,resnet18_advanced,RFGSM,500,477,198,0.41509433962264153,0.954,2026-05-14 03:40:17
densenet121_advanced,swin_t_advanced,RFGSM,500,457,72,0.1575492341356674,0.914,2026-05-14 03:40:18
densenet121_advanced,densenet121_adv_passive,RFGSM,500,495,84,0.1696969696969697,0.99,2026-05-14 03:40:19
densenet121_advanced,efficientnet_b0_adv_passive,RFGSM,500,500,11,0.022,1.0,2026-05-14 03:40:20
densenet121_advanced,inception_v3_adv_passive,RFGSM,500,490,20,0.04081632653061224,0.98,2026-05-14 03:40:20
densenet121_advanced,mobilenet_v2_adv_passive,RFGSM,500,495,31,0.06262626262626263,0.99,2026-05-14 03:40:21
densenet121_advanced,resnet18_adv_passive,RFGSM,500,495,51,0.10303030303030303,0.99,2026-05-14 03:40:21
densenet121_advanced,swin_t_adv_passive,RFGSM,500,496,25,0.05040322580645161,0.992,2026-05-14 03:40:22
densenet121_advanced,efficientnet_b0_advanced,SINIFGSM,500,487,93,0.19096509240246407,0.974,2026-05-14 04:05:47
densenet121_advanced,inception_v3_advanced,SINIFGSM,500,478,175,0.36610878661087864,0.956,2026-05-14 04:05:48
densenet121_advanced,mobilenet_v2_advanced,SINIFGSM,500,482,123,0.2551867219917012,0.964,2026-05-14 04:05:48
densenet121_advanced,resnet18_advanced,SINIFGSM,500,475,207,0.4357894736842105,0.95,2026-05-14 04:05:49
densenet121_advanced,swin_t_advanced,SINIFGSM,500,458,78,0.1703056768558952,0.916,2026-05-14 04:05:50
densenet121_advanced,densenet121_adv_passive,SINIFGSM,500,495,69,0.1393939393939394,0.99,2026-05-14 04:05:51
densenet121_advanced,efficientnet_b0_adv_passive,SINIFGSM,500,499,19,0.03807615230460922,0.998,2026-05-14 04:05:52
densenet121_advanced,inception_v3_adv_passive,SINIFGSM,500,485,25,0.05154639175257732,0.97,2026-05-14 04:05:52
densenet121_advanced,mobilenet_v2_adv_passive,SINIFGSM,500,496,32,0.06451612903225806,0.992,2026-05-14 04:05:53
densenet121_advanced,resnet18_adv_passive,SINIFGSM,500,488,47,0.09631147540983606,0.976,2026-05-14 04:05:53
densenet121_advanced,swin_t_adv_passive,SINIFGSM,500,497,22,0.04426559356136821,0.994,2026-05-14 04:05:54
densenet121_advanced,efficientnet_b0_advanced,SPSA,500,472,38,0.08050847457627118,0.944,2026-05-14 04:37:35
densenet121_advanced,inception_v3_advanced,SPSA,500,462,42,0.09090909090909091,0.924,2026-05-14 04:37:36
densenet121_advanced,mobilenet_v2_advanced,SPSA,500,462,40,0.08658008658008658,0.924,2026-05-14 04:37:36
densenet121_advanced,resnet18_advanced,SPSA,500,461,26,0.05639913232104121,0.922,2026-05-14 04:37:37
densenet121_advanced,swin_t_advanced,SPSA,500,412,20,0.04854368932038835,0.824,2026-05-14 04:37:38
densenet121_advanced,densenet121_adv_passive,SPSA,500,481,9,0.018711018711018712,0.962,2026-05-14 04:37:39
densenet121_advanced,efficientnet_b0_adv_passive,SPSA,500,496,4,0.008064516129032258,0.992,2026-05-14 04:37:39
densenet121_advanced,inception_v3_adv_passive,SPSA,500,476,10,0.02100840336134454,0.952,2026-05-14 04:37:40
densenet121_advanced,mobilenet_v2_adv_passive,SPSA,500,490,12,0.024489795918367346,0.98,2026-05-14 04:37:40
densenet121_advanced,resnet18_adv_passive,SPSA,500,487,4,0.008213552361396304,0.974,2026-05-14 04:37:41
densenet121_advanced,swin_t_adv_passive,SPSA,500,482,6,0.012448132780082987,0.964,2026-05-14 04:37:42
densenet121_advanced,efficientnet_b0_advanced,TIFGSM,500,492,49,0.09959349593495935,0.984,2026-05-14 04:42:56
densenet121_advanced,inception_v3_advanced,TIFGSM,500,487,84,0.17248459958932238,0.974,2026-05-14 04:42:57
densenet121_advanced,mobilenet_v2_advanced,TIFGSM,500,484,56,0.11570247933884298,0.968,2026-05-14 04:42:58
densenet121_advanced,resnet18_advanced,TIFGSM,500,485,115,0.23711340206185566,0.97,2026-05-14 04:42:58
densenet121_advanced,swin_t_advanced,TIFGSM,500,453,86,0.18984547461368653,0.906,2026-05-14 04:42:59
densenet121_advanced,densenet121_adv_passive,TIFGSM,500,493,18,0.036511156186612576,0.986,2026-05-14 04:43:00
densenet121_advanced,efficientnet_b0_adv_passive,TIFGSM,500,499,6,0.012024048096192385,0.998,2026-05-14 04:43:01
densenet121_advanced,inception_v3_adv_passive,TIFGSM,500,491,5,0.010183299389002037,0.982,2026-05-14 04:43:02
densenet121_advanced,mobilenet_v2_adv_passive,TIFGSM,500,498,9,0.018072289156626505,0.996,2026-05-14 04:43:02
densenet121_advanced,resnet18_adv_passive,TIFGSM,500,497,28,0.056338028169014086,0.994,2026-05-14 04:43:03
densenet121_advanced,swin_t_adv_passive,TIFGSM,500,497,13,0.026156941649899398,0.994,2026-05-14 04:43:04
densenet121_advanced,efficientnet_b0_advanced,TPGD,500,486,112,0.23045267489711935,0.972,2026-05-14 04:52:17
densenet121_advanced,inception_v3_advanced,TPGD,500,486,166,0.34156378600823045,0.972,2026-05-14 04:52:18
densenet121_advanced,mobilenet_v2_advanced,TPGD,500,489,144,0.294478527607362,0.978,2026-05-14 04:52:18
densenet121_advanced,resnet18_advanced,TPGD,500,481,182,0.3783783783783784,0.962,2026-05-14 04:52:19
densenet121_advanced,swin_t_advanced,TPGD,500,462,63,0.13636363636363635,0.924,2026-05-14 04:52:20
densenet121_advanced,densenet121_adv_passive,TPGD,500,494,74,0.14979757085020243,0.988,2026-05-14 04:52:21
densenet121_advanced,efficientnet_b0_adv_passive,TPGD,500,500,12,0.024,1.0,2026-05-14 04:52:21
densenet121_advanced,inception_v3_adv_passive,TPGD,500,481,22,0.04573804573804574,0.962,2026-05-14 04:52:22
densenet121_advanced,mobilenet_v2_adv_passive,TPGD,500,495,35,0.0707070707070707,0.99,2026-05-14 04:52:23
densenet121_advanced,resnet18_adv_passive,TPGD,500,493,33,0.06693711967545639,0.986,2026-05-14 04:52:23
densenet121_advanced,swin_t_adv_passive,TPGD,500,494,29,0.058704453441295545,0.988,2026-05-14 04:52:24
densenet121_advanced,efficientnet_b0_advanced,UPGD,500,486,117,0.24074074074074073,0.972,2026-05-14 04:57:36
densenet121_advanced,inception_v3_advanced,UPGD,500,485,178,0.3670103092783505,0.97,2026-05-14 04:57:37
densenet121_advanced,mobilenet_v2_advanced,UPGD,500,486,149,0.3065843621399177,0.972,2026-05-14 04:57:38
densenet121_advanced,resnet18_advanced,UPGD,500,483,228,0.4720496894409938,0.966,2026-05-14 04:57:38
densenet121_advanced,swin_t_advanced,UPGD,500,460,81,0.17608695652173914,0.92,2026-05-14 04:57:39
densenet121_advanced,densenet121_adv_passive,UPGD,500,492,75,0.1524390243902439,0.984,2026-05-14 04:57:40
densenet121_advanced,efficientnet_b0_adv_passive,UPGD,500,500,18,0.036,1.0,2026-05-14 04:57:41
densenet121_advanced,inception_v3_adv_passive,UPGD,500,495,22,0.044444444444444446,0.99,2026-05-14 04:57:41
densenet121_advanced,mobilenet_v2_adv_passive,UPGD,500,496,36,0.07258064516129033,0.992,2026-05-14 04:57:42
densenet121_advanced,resnet18_adv_passive,UPGD,500,496,54,0.10887096774193548,0.992,2026-05-14 04:57:42
densenet121_advanced,swin_t_adv_passive,UPGD,500,495,33,0.06666666666666667,0.99,2026-05-14 04:57:44
densenet121_advanced,efficientnet_b0_advanced,VMIFGSM,500,483,152,0.3146997929606625,0.966,2026-05-14 05:28:04
densenet121_advanced,inception_v3_advanced,VMIFGSM,500,473,213,0.4503171247357294,0.946,2026-05-14 05:28:05
densenet121_advanced,mobilenet_v2_advanced,VMIFGSM,500,485,201,0.4144329896907217,0.97,2026-05-14 05:28:05
densenet121_advanced,resnet18_advanced,VMIFGSM,500,475,268,0.5642105263157895,0.95,2026-05-14 05:28:06
densenet121_advanced,swin_t_advanced,VMIFGSM,500,451,115,0.2549889135254989,0.902,2026-05-14 05:28:07
densenet121_advanced,densenet121_adv_passive,VMIFGSM,500,491,115,0.23421588594704684,0.982,2026-05-14 05:28:08
densenet121_advanced,efficientnet_b0_adv_passive,VMIFGSM,500,500,25,0.05,1.0,2026-05-14 05:28:08
densenet121_advanced,inception_v3_adv_passive,VMIFGSM,500,482,41,0.08506224066390042,0.964,2026-05-14 05:28:09
densenet121_advanced,mobilenet_v2_adv_passive,VMIFGSM,500,494,51,0.10323886639676114,0.988,2026-05-14 05:28:09
densenet121_advanced,resnet18_adv_passive,VMIFGSM,500,488,74,0.15163934426229508,0.976,2026-05-14 05:28:10
densenet121_advanced,swin_t_adv_passive,VMIFGSM,500,488,40,0.08196721311475409,0.976,2026-05-14 05:28:11
densenet121_advanced,efficientnet_b0_advanced,VNIFGSM,500,491,165,0.3360488798370672,0.982,2026-05-14 05:58:26
densenet121_advanced,inception_v3_advanced,VNIFGSM,500,487,218,0.44763860369609854,0.974,2026-05-14 05:58:27
densenet121_advanced,mobilenet_v2_advanced,VNIFGSM,500,492,167,0.3394308943089431,0.984,2026-05-14 05:58:27
densenet121_advanced,resnet18_advanced,VNIFGSM,500,485,242,0.49896907216494846,0.97,2026-05-14 05:58:28
densenet121_advanced,swin_t_advanced,VNIFGSM,500,466,97,0.20815450643776823,0.932,2026-05-14 05:58:29
densenet121_advanced,densenet121_adv_passive,VNIFGSM,500,490,102,0.20816326530612245,0.98,2026-05-14 05:58:30
densenet121_advanced,efficientnet_b0_adv_passive,VNIFGSM,500,500,25,0.05,1.0,2026-05-14 05:58:30
densenet121_advanced,inception_v3_adv_passive,VNIFGSM,500,488,32,0.06557377049180328,0.976,2026-05-14 05:58:31
densenet121_advanced,mobilenet_v2_adv_passive,VNIFGSM,500,495,38,0.07676767676767676,0.99,2026-05-14 05:58:32
densenet121_advanced,resnet18_adv_passive,VNIFGSM,500,497,69,0.13883299798792756,0.994,2026-05-14 05:58:32
densenet121_advanced,swin_t_adv_passive,VNIFGSM,500,493,38,0.07707910750507099,0.986,2026-05-14 05:58:33
densenet121_advanced,efficientnet_b0_advanced,OnePixel,35,27,0,0.0,0.7714285714285715,2026-05-14 06:28:59
densenet121_advanced,inception_v3_advanced,OnePixel,35,23,0,0.0,0.6571428571428571,2026-05-14 06:29:00
densenet121_advanced,mobilenet_v2_advanced,OnePixel,35,25,0,0.0,0.7142857142857143,2026-05-14 06:29:00
densenet121_advanced,resnet18_advanced,OnePixel,35,23,0,0.0,0.6571428571428571,2026-05-14 06:29:00
densenet121_advanced,swin_t_advanced,OnePixel,35,22,0,0.0,0.6285714285714286,2026-05-14 06:29:01
densenet121_advanced,densenet121_adv_passive,OnePixel,35,32,0,0.0,0.9142857142857143,2026-05-14 06:29:02
densenet121_advanced,efficientnet_b0_adv_passive,OnePixel,35,35,1,0.02857142857142857,1.0,2026-05-14 06:29:02
densenet121_advanced,inception_v3_adv_passive,OnePixel,35,30,0,0.0,0.8571428571428571,2026-05-14 06:29:02
densenet121_advanced,mobilenet_v2_adv_passive,OnePixel,35,32,0,0.0,0.9142857142857143,2026-05-14 06:29:03
densenet121_advanced,resnet18_adv_passive,OnePixel,35,30,0,0.0,0.8571428571428571,2026-05-14 06:29:03
densenet121_advanced,swin_t_adv_passive,OnePixel,35,32,0,0.0,0.9142857142857143,2026-05-14 06:29:04
densenet121_advanced,efficientnet_b0_advanced,Pixle,500,483,10,0.020703933747412008,0.966,2026-05-14 08:10:27
densenet121_advanced,inception_v3_advanced,Pixle,500,472,28,0.059322033898305086,0.944,2026-05-14 08:10:27
densenet121_advanced,mobilenet_v2_advanced,Pixle,500,481,47,0.09771309771309772,0.962,2026-05-14 08:10:28
densenet121_advanced,resnet18_advanced,Pixle,500,468,76,0.1623931623931624,0.936,2026-05-14 08:10:28
densenet121_advanced,swin_t_advanced,Pixle,500,446,18,0.04035874439461883,0.892,2026-05-14 08:10:30
densenet121_advanced,densenet121_adv_passive,Pixle,500,488,3,0.006147540983606557,0.976,2026-05-14 08:10:30
densenet121_advanced,efficientnet_b0_adv_passive,Pixle,500,498,3,0.006024096385542169,0.996,2026-05-14 08:10:31
densenet121_advanced,inception_v3_adv_passive,Pixle,500,480,9,0.01875,0.96,2026-05-14 08:10:32
densenet121_advanced,mobilenet_v2_adv_passive,Pixle,500,494,3,0.006072874493927126,0.988,2026-05-14 08:10:32
densenet121_advanced,resnet18_adv_passive,Pixle,500,485,6,0.012371134020618556,0.97,2026-05-14 08:10:33
densenet121_advanced,swin_t_adv_passive,Pixle,500,492,2,0.0040650406504065045,0.984,2026-05-14 08:10:34
densenet121_advanced,efficientnet_b0_advanced,Square,500,484,33,0.06818181818181818,0.968,2026-05-14 09:47:12
densenet121_advanced,inception_v3_advanced,Square,500,483,27,0.055900621118012424,0.966,2026-05-14 09:47:13
densenet121_advanced,mobilenet_v2_advanced,Square,500,483,30,0.062111801242236024,0.966,2026-05-14 09:47:14
densenet121_advanced,resnet18_advanced,Square,500,479,13,0.027139874739039668,0.958,2026-05-14 09:47:14
densenet121_advanced,swin_t_advanced,Square,500,449,49,0.1091314031180401,0.898,2026-05-14 09:47:15
densenet121_advanced,densenet121_adv_passive,Square,500,493,5,0.010141987829614604,0.986,2026-05-14 09:47:16
densenet121_advanced,efficientnet_b0_adv_passive,Square,500,498,4,0.008032128514056224,0.996,2026-05-14 09:47:17
densenet121_advanced,inception_v3_adv_passive,Square,500,489,6,0.012269938650306749,0.978,2026-05-14 09:47:17
densenet121_advanced,mobilenet_v2_adv_passive,Square,500,496,3,0.006048387096774193,0.992,2026-05-14 09:47:18
densenet121_advanced,resnet18_adv_passive,Square,500,492,5,0.01016260162601626,0.984,2026-05-14 09:47:18
densenet121_advanced,swin_t_adv_passive,Square,500,494,9,0.018218623481781375,0.988,2026-05-14 09:47:20
efficientnet_b0_advanced,densenet121_advanced,APGD,500,467,25,0.05353319057815846,0.934,2026-05-14 09:50:22
efficientnet_b0_advanced,inception_v3_advanced,APGD,500,476,52,0.1092436974789916,0.952,2026-05-14 09:50:23
efficientnet_b0_advanced,mobilenet_v2_advanced,APGD,500,480,100,0.20833333333333334,0.96,2026-05-14 09:50:24
efficientnet_b0_advanced,resnet18_advanced,APGD,500,468,19,0.0405982905982906,0.936,2026-05-14 09:50:24
efficientnet_b0_advanced,swin_t_advanced,APGD,500,454,37,0.08149779735682819,0.908,2026-05-14 09:50:25
efficientnet_b0_advanced,densenet121_adv_passive,APGD,500,490,10,0.02040816326530612,0.98,2026-05-14 09:50:26
efficientnet_b0_advanced,efficientnet_b0_adv_passive,APGD,500,498,222,0.4457831325301205,0.996,2026-05-14 09:50:27
efficientnet_b0_advanced,inception_v3_adv_passive,APGD,500,488,12,0.02459016393442623,0.976,2026-05-14 09:50:27
efficientnet_b0_advanced,mobilenet_v2_adv_passive,APGD,500,495,40,0.08080808080808081,0.99,2026-05-14 09:50:28
efficientnet_b0_advanced,resnet18_adv_passive,APGD,500,491,11,0.02240325865580448,0.982,2026-05-14 09:50:28
efficientnet_b0_advanced,swin_t_adv_passive,APGD,500,492,16,0.032520325203252036,0.984,2026-05-14 09:50:30
efficientnet_b0_advanced,densenet121_advanced,APGDT,500,475,23,0.04842105263157895,0.95,2026-05-14 09:53:49
efficientnet_b0_advanced,inception_v3_advanced,APGDT,500,479,33,0.06889352818371608,0.958,2026-05-14 09:53:50
efficientnet_b0_advanced,mobilenet_v2_advanced,APGDT,500,483,73,0.15113871635610765,0.966,2026-05-14 09:53:50
efficientnet_b0_advanced,resnet18_advanced,APGDT,500,482,22,0.04564315352697095,0.964,2026-05-14 09:53:51
efficientnet_b0_advanced,swin_t_advanced,APGDT,500,455,18,0.03956043956043956,0.91,2026-05-14 09:53:52
efficientnet_b0_advanced,densenet121_adv_passive,APGDT,500,494,15,0.030364372469635626,0.988,2026-05-14 09:53:53
efficientnet_b0_advanced,efficientnet_b0_adv_passive,APGDT,500,500,112,0.224,1.0,2026-05-14 09:53:53
efficientnet_b0_advanced,inception_v3_adv_passive,APGDT,500,487,6,0.012320328542094456,0.974,2026-05-14 09:53:54
efficientnet_b0_advanced,mobilenet_v2_adv_passive,APGDT,500,496,25,0.05040322580645161,0.992,2026-05-14 09:53:55
efficientnet_b0_advanced,resnet18_adv_passive,APGDT,500,491,11,0.02240325865580448,0.982,2026-05-14 09:53:55
efficientnet_b0_advanced,swin_t_adv_passive,APGDT,500,493,6,0.012170385395537525,0.986,2026-05-14 09:53:56
efficientnet_b0_advanced,densenet121_advanced,BIM,500,475,26,0.05473684210526316,0.95,2026-05-14 09:56:26
efficientnet_b0_advanced,inception_v3_advanced,BIM,500,479,44,0.0918580375782881,0.958,2026-05-14 09:56:27
efficientnet_b0_advanced,mobilenet_v2_advanced,BIM,500,483,112,0.2318840579710145,0.966,2026-05-14 09:56:27
efficientnet_b0_advanced,resnet18_advanced,BIM,500,482,22,0.04564315352697095,0.964,2026-05-14 09:56:28
efficientnet_b0_advanced,swin_t_advanced,BIM,500,455,27,0.05934065934065934,0.91,2026-05-14 09:56:29
efficientnet_b0_advanced,densenet121_adv_passive,BIM,500,494,19,0.038461538461538464,0.988,2026-05-14 09:56:30
efficientnet_b0_advanced,efficientnet_b0_adv_passive,BIM,500,500,278,0.556,1.0,2026-05-14 09:56:31
efficientnet_b0_advanced,inception_v3_adv_passive,BIM,500,487,7,0.014373716632443531,0.974,2026-05-14 09:56:31
efficientnet_b0_advanced,mobilenet_v2_adv_passive,BIM,500,496,42,0.0846774193548387,0.992,2026-05-14 09:56:32
efficientnet_b0_advanced,resnet18_adv_passive,BIM,500,491,12,0.024439918533604887,0.982,2026-05-14 09:56:32
efficientnet_b0_advanced,swin_t_adv_passive,BIM,500,493,15,0.030425963488843813,0.986,2026-05-14 09:56:33
efficientnet_b0_advanced,densenet121_advanced,CW,500,469,1,0.0021321961620469083,0.938,2026-05-14 10:01:44
efficientnet_b0_advanced,inception_v3_advanced,CW,500,474,4,0.008438818565400843,0.948,2026-05-14 10:01:45
efficientnet_b0_advanced,mobilenet_v2_advanced,CW,500,485,8,0.016494845360824743,0.97,2026-05-14 10:01:46
efficientnet_b0_advanced,resnet18_advanced,CW,500,469,2,0.0042643923240938165,0.938,2026-05-14 10:01:46
efficientnet_b0_advanced,swin_t_advanced,CW,500,447,4,0.008948545861297539,0.894,2026-05-14 10:01:48
efficientnet_b0_advanced,densenet121_adv_passive,CW,500,490,2,0.004081632653061225,0.98,2026-05-14 10:01:48
efficientnet_b0_advanced,efficientnet_b0_adv_passive,CW,500,499,9,0.018036072144288578,0.998,2026-05-14 10:01:49
efficientnet_b0_advanced,inception_v3_adv_passive,CW,500,487,3,0.006160164271047228,0.974,2026-05-14 10:01:50
efficientnet_b0_advanced,mobilenet_v2_adv_passive,CW,500,495,4,0.00808080808080808,0.99,2026-05-14 10:01:50
efficientnet_b0_advanced,resnet18_adv_passive,CW,500,488,1,0.0020491803278688526,0.976,2026-05-14 10:01:51
efficientnet_b0_advanced,swin_t_adv_passive,CW,500,489,1,0.002044989775051125,0.978,2026-05-14 10:01:52
efficientnet_b0_advanced,densenet121_advanced,DeepFool,500,475,0,0.0,0.95,2026-05-14 10:04:54
efficientnet_b0_advanced,inception_v3_advanced,DeepFool,500,478,1,0.0020920502092050207,0.956,2026-05-14 10:04:55
efficientnet_b0_advanced,mobilenet_v2_advanced,DeepFool,500,482,3,0.006224066390041493,0.964,2026-05-14 10:04:55
efficientnet_b0_advanced,resnet18_advanced,DeepFool,500,466,1,0.002145922746781116,0.932,2026-05-14 10:04:56
efficientnet_b0_advanced,swin_t_advanced,DeepFool,500,450,1,0.0022222222222222222,0.9,2026-05-14 10:04:57
efficientnet_b0_advanced,densenet121_adv_passive,DeepFool,500,492,1,0.0020325203252032522,0.984,2026-05-14 10:04:58
efficientnet_b0_advanced,efficientnet_b0_adv_passive,DeepFool,500,500,2,0.004,1.0,2026-05-14 10:04:58
efficientnet_b0_advanced,inception_v3_adv_passive,DeepFool,500,485,0,0.0,0.97,2026-05-14 10:04:59
efficientnet_b0_advanced,mobilenet_v2_adv_passive,DeepFool,500,493,0,0.0,0.986,2026-05-14 10:04:59
efficientnet_b0_advanced,resnet18_adv_passive,DeepFool,500,490,0,0.0,0.98,2026-05-14 10:05:00
efficientnet_b0_advanced,swin_t_adv_passive,DeepFool,500,494,1,0.0020242914979757085,0.988,2026-05-14 10:05:01
efficientnet_b0_advanced,densenet121_advanced,DIFGSM,500,467,46,0.09850107066381156,0.934,2026-05-14 10:07:31
efficientnet_b0_advanced,inception_v3_advanced,DIFGSM,500,476,74,0.15546218487394958,0.952,2026-05-14 10:07:31
efficientnet_b0_advanced,mobilenet_v2_advanced,DIFGSM,500,486,169,0.3477366255144033,0.972,2026-05-14 10:07:32
efficientnet_b0_advanced,resnet18_advanced,DIFGSM,500,467,26,0.055674518201284794,0.934,2026-05-14 10:07:32
efficientnet_b0_advanced,swin_t_advanced,DIFGSM,500,443,34,0.07674943566591422,0.886,2026-05-14 10:07:34
efficientnet_b0_advanced,densenet121_adv_passive,DIFGSM,500,494,25,0.05060728744939271,0.988,2026-05-14 10:07:34
efficientnet_b0_advanced,efficientnet_b0_adv_passive,DIFGSM,500,499,252,0.5050100200400801,0.998,2026-05-14 10:07:35
efficientnet_b0_advanced,inception_v3_adv_passive,DIFGSM,500,486,24,0.04938271604938271,0.972,2026-05-14 10:07:36
efficientnet_b0_advanced,mobilenet_v2_adv_passive,DIFGSM,500,497,78,0.15694164989939638,0.994,2026-05-14 10:07:36
efficientnet_b0_advanced,resnet18_adv_passive,DIFGSM,500,486,30,0.06172839506172839,0.972,2026-05-14 10:07:37
efficientnet_b0_advanced,swin_t_adv_passive,DIFGSM,500,491,30,0.06109979633401222,0.982,2026-05-14 10:07:38
efficientnet_b0_advanced,densenet121_advanced,EADEN,500,476,1,0.0021008403361344537,0.952,2026-05-14 10:40:03
efficientnet_b0_advanced,inception_v3_advanced,EADEN,500,479,3,0.006263048016701462,0.958,2026-05-14 10:40:04
efficientnet_b0_advanced,mobilenet_v2_advanced,EADEN,500,487,2,0.004106776180698152,0.974,2026-05-14 10:40:04
efficientnet_b0_advanced,resnet18_advanced,EADEN,500,475,2,0.004210526315789474,0.95,2026-05-14 10:40:05
efficientnet_b0_advanced,swin_t_advanced,EADEN,500,455,0,0.0,0.91,2026-05-14 10:40:06
efficientnet_b0_advanced,densenet121_adv_passive,EADEN,500,495,0,0.0,0.99,2026-05-14 10:40:07
efficientnet_b0_advanced,efficientnet_b0_adv_passive,EADEN,500,500,0,0.0,1.0,2026-05-14 10:40:07
efficientnet_b0_advanced,inception_v3_adv_passive,EADEN,500,489,0,0.0,0.978,2026-05-14 10:40:08
efficientnet_b0_advanced,mobilenet_v2_adv_passive,EADEN,500,497,0,0.0,0.994,2026-05-14 10:40:09
efficientnet_b0_advanced,resnet18_adv_passive,EADEN,500,494,0,0.0,0.988,2026-05-14 10:40:09
efficientnet_b0_advanced,swin_t_adv_passive,EADEN,500,493,1,0.002028397565922921,0.986,2026-05-14 10:40:10
efficientnet_b0_advanced,densenet121_advanced,EADL1,500,472,2,0.00423728813559322,0.944,2026-05-14 11:12:03
efficientnet_b0_advanced,inception_v3_advanced,EADL1,500,479,1,0.0020876826722338203,0.958,2026-05-14 11:12:04
efficientnet_b0_advanced,mobilenet_v2_advanced,EADL1,500,483,5,0.010351966873706004,0.966,2026-05-14 11:12:04
efficientnet_b0_advanced,resnet18_advanced,EADL1,500,472,2,0.00423728813559322,0.944,2026-05-14 11:12:05
efficientnet_b0_advanced,swin_t_advanced,EADL1,500,442,1,0.0022624434389140274,0.884,2026-05-14 11:12:06
efficientnet_b0_advanced,densenet121_adv_passive,EADL1,500,493,0,0.0,0.986,2026-05-14 11:12:07
efficientnet_b0_advanced,efficientnet_b0_adv_passive,EADL1,500,499,2,0.004008016032064128,0.998,2026-05-14 11:12:08
efficientnet_b0_advanced,inception_v3_adv_passive,EADL1,500,490,1,0.0020408163265306124,0.98,2026-05-14 11:12:08
efficientnet_b0_advanced,mobilenet_v2_adv_passive,EADL1,500,494,0,0.0,0.988,2026-05-14 11:12:09
efficientnet_b0_advanced,resnet18_adv_passive,EADL1,500,491,0,0.0,0.982,2026-05-14 11:12:09
efficientnet_b0_advanced,swin_t_adv_passive,EADL1,500,496,1,0.0020161290322580645,0.992,2026-05-14 11:12:10
efficientnet_b0_advanced,densenet121_advanced,EOTPGD,500,471,19,0.040339702760084924,0.942,2026-05-14 11:17:01
efficientnet_b0_advanced,inception_v3_advanced,EOTPGD,500,483,50,0.10351966873706005,0.966,2026-05-14 11:17:02
efficientnet_b0_advanced,mobilenet_v2_advanced,EOTPGD,500,481,97,0.20166320166320167,0.962,2026-05-14 11:17:02
efficientnet_b0_advanced,resnet18_advanced,EOTPGD,500,475,18,0.037894736842105266,0.95,2026-05-14 11:17:03
efficientnet_b0_advanced,swin_t_advanced,EOTPGD,500,452,19,0.0420353982300885,0.904,2026-05-14 11:17:04
efficientnet_b0_advanced,densenet121_adv_passive,EOTPGD,500,494,11,0.022267206477732792,0.988,2026-05-14 11:17:05
efficientnet_b0_advanced,efficientnet_b0_adv_passive,EOTPGD,500,499,256,0.5130260521042084,0.998,2026-05-14 11:17:05
efficientnet_b0_advanced,inception_v3_adv_passive,EOTPGD,500,484,11,0.022727272727272728,0.968,2026-05-14 11:17:06
efficientnet_b0_advanced,mobilenet_v2_adv_passive,EOTPGD,500,495,37,0.07474747474747474,0.99,2026-05-14 11:17:07
efficientnet_b0_advanced,resnet18_adv_passive,EOTPGD,500,491,14,0.028513238289205704,0.982,2026-05-14 11:17:07
efficientnet_b0_advanced,swin_t_adv_passive,EOTPGD,500,496,13,0.02620967741935484,0.992,2026-05-14 11:17:08
efficientnet_b0_advanced,densenet121_advanced,FAB,500,464,0,0.0,0.928,2026-05-14 11:29:40
efficientnet_b0_advanced,inception_v3_advanced,FAB,500,480,1,0.0020833333333333333,0.96,2026-05-14 11:29:41
efficientnet_b0_advanced,mobilenet_v2_advanced,FAB,500,486,3,0.006172839506172839,0.972,2026-05-14 11:29:42
efficientnet_b0_advanced,resnet18_advanced,FAB,500,467,0,0.0,0.934,2026-05-14 11:29:42
efficientnet_b0_advanced,swin_t_advanced,FAB,500,452,2,0.004424778761061947,0.904,2026-05-14 11:29:43
efficientnet_b0_advanced,densenet121_adv_passive,FAB,500,494,0,0.0,0.988,2026-05-14 11:29:44
efficientnet_b0_advanced,efficientnet_b0_adv_passive,FAB,500,500,1,0.002,1.0,2026-05-14 11:29:45
efficientnet_b0_advanced,inception_v3_adv_passive,FAB,500,484,1,0.002066115702479339,0.968,2026-05-14 11:29:46
efficientnet_b0_advanced,mobilenet_v2_adv_passive,FAB,500,493,0,0.0,0.986,2026-05-14 11:29:46
efficientnet_b0_advanced,resnet18_adv_passive,FAB,500,493,0,0.0,0.986,2026-05-14 11:29:47
efficientnet_b0_advanced,swin_t_adv_passive,FAB,500,494,1,0.0020242914979757085,0.988,2026-05-14 11:29:48
efficientnet_b0_advanced,densenet121_advanced,FFGSM,500,462,48,0.1038961038961039,0.924,2026-05-14 11:30:13
efficientnet_b0_advanced,inception_v3_advanced,FFGSM,500,476,78,0.1638655462184874,0.952,2026-05-14 11:30:14
efficientnet_b0_advanced,mobilenet_v2_advanced,FFGSM,500,483,121,0.2505175983436853,0.966,2026-05-14 11:30:14
efficientnet_b0_advanced,resnet18_advanced,FFGSM,500,475,41,0.0863157894736842,0.95,2026-05-14 11:30:15
efficientnet_b0_advanced,swin_t_advanced,FFGSM,500,439,38,0.08656036446469248,0.878,2026-05-14 11:30:16
efficientnet_b0_advanced,densenet121_adv_passive,FFGSM,500,492,27,0.054878048780487805,0.984,2026-05-14 11:30:16
efficientnet_b0_advanced,efficientnet_b0_adv_passive,FFGSM,500,499,132,0.26452905811623245,0.998,2026-05-14 11:30:17
efficientnet_b0_advanced,inception_v3_adv_passive,FFGSM,500,489,20,0.0408997955010225,0.978,2026-05-14 11:30:18
efficientnet_b0_advanced,mobilenet_v2_adv_passive,FFGSM,500,494,52,0.10526315789473684,0.988,2026-05-14 11:30:18
efficientnet_b0_advanced,resnet18_adv_passive,FFGSM,500,491,18,0.03665987780040733,0.982,2026-05-14 11:30:19
efficientnet_b0_advanced,swin_t_adv_passive,FFGSM,500,494,23,0.0465587044534413,0.988,2026-05-14 11:30:20
efficientnet_b0_advanced,densenet121_advanced,FGSM,500,463,61,0.13174946004319654,0.926,2026-05-14 11:30:46
efficientnet_b0_advanced,inception_v3_advanced,FGSM,500,473,85,0.17970401691331925,0.946,2026-05-14 11:30:47
efficientnet_b0_advanced,mobilenet_v2_advanced,FGSM,500,478,152,0.3179916317991632,0.956,2026-05-14 11:30:47
efficientnet_b0_advanced,resnet18_advanced,FGSM,500,470,52,0.11063829787234042,0.94,2026-05-14 11:30:48
efficientnet_b0_advanced,swin_t_advanced,FGSM,500,442,51,0.11538461538461539,0.884,2026-05-14 11:30:49
efficientnet_b0_advanced,densenet121_adv_passive,FGSM,500,494,34,0.06882591093117409,0.988,2026-05-14 11:30:50
efficientnet_b0_advanced,efficientnet_b0_adv_passive,FGSM,500,496,139,0.28024193548387094,0.992,2026-05-14 11:30:50
efficientnet_b0_advanced,inception_v3_adv_passive,FGSM,500,482,28,0.058091286307053944,0.964,2026-05-14 11:30:51
efficientnet_b0_advanced,mobilenet_v2_adv_passive,FGSM,500,491,72,0.14663951120162932,0.982,2026-05-14 11:30:52
efficientnet_b0_advanced,resnet18_adv_passive,FGSM,500,484,34,0.07024793388429752,0.968,2026-05-14 11:30:52
efficientnet_b0_advanced,swin_t_adv_passive,FGSM,500,492,35,0.07113821138211382,0.984,2026-05-14 11:30:53
efficientnet_b0_advanced,densenet121_advanced,GN,500,469,177,0.3773987206823028,0.938,2026-05-14 11:31:09
efficientnet_b0_advanced,inception_v3_advanced,GN,500,474,212,0.4472573839662447,0.948,2026-05-14 11:31:09
efficientnet_b0_advanced,mobilenet_v2_advanced,GN,500,479,238,0.4968684759916493,0.958,2026-05-14 11:31:10
efficientnet_b0_advanced,resnet18_advanced,GN,500,470,237,0.5042553191489362,0.94,2026-05-14 11:31:10
efficientnet_b0_advanced,swin_t_advanced,GN,500,437,181,0.41418764302059496,0.874,2026-05-14 11:31:12
efficientnet_b0_advanced,densenet121_adv_passive,GN,500,492,43,0.08739837398373984,0.984,2026-05-14 11:31:12
efficientnet_b0_advanced,efficientnet_b0_adv_passive,GN,500,496,360,0.7258064516129032,0.992,2026-05-14 11:31:13
efficientnet_b0_advanced,inception_v3_adv_passive,GN,500,478,34,0.07112970711297072,0.956,2026-05-14 11:31:14
efficientnet_b0_advanced,mobilenet_v2_adv_passive,GN,500,494,56,0.11336032388663968,0.988,2026-05-14 11:31:14
efficientnet_b0_advanced,resnet18_adv_passive,GN,500,486,22,0.04526748971193416,0.972,2026-05-14 11:31:15
efficientnet_b0_advanced,swin_t_adv_passive,GN,500,490,39,0.07959183673469387,0.98,2026-05-14 11:31:16
efficientnet_b0_advanced,densenet121_advanced,Jitter,500,464,11,0.023706896551724137,0.928,2026-05-14 11:34:13
efficientnet_b0_advanced,inception_v3_advanced,Jitter,500,475,24,0.05052631578947368,0.95,2026-05-14 11:34:14
efficientnet_b0_advanced,mobilenet_v2_advanced,Jitter,500,484,53,0.10950413223140495,0.968,2026-05-14 11:34:15
efficientnet_b0_advanced,resnet18_advanced,Jitter,500,478,15,0.03138075313807531,0.956,2026-05-14 11:34:15
efficientnet_b0_advanced,swin_t_advanced,Jitter,500,449,19,0.042316258351893093,0.898,2026-05-14 11:34:16
efficientnet_b0_advanced,densenet121_adv_passive,Jitter,500,497,7,0.014084507042253521,0.994,2026-05-14 11:34:17
efficientnet_b0_advanced,efficientnet_b0_adv_passive,Jitter,500,498,95,0.19076305220883535,0.996,2026-05-14 11:34:18
efficientnet_b0_advanced,inception_v3_adv_passive,Jitter,500,488,7,0.014344262295081968,0.976,2026-05-14 11:34:19
efficientnet_b0_advanced,mobilenet_v2_adv_passive,Jitter,500,496,21,0.04233870967741935,0.992,2026-05-14 11:34:19
efficientnet_b0_advanced,resnet18_adv_passive,Jitter,500,494,9,0.018218623481781375,0.988,2026-05-14 11:34:19
efficientnet_b0_advanced,swin_t_adv_passive,Jitter,500,494,4,0.008097165991902834,0.988,2026-05-14 11:34:21
efficientnet_b0_advanced,densenet121_advanced,MIFGSM,500,472,45,0.09533898305084745,0.944,2026-05-14 11:36:49
efficientnet_b0_advanced,inception_v3_advanced,MIFGSM,500,479,67,0.13987473903966596,0.958,2026-05-14 11:36:50
efficientnet_b0_advanced,mobilenet_v2_advanced,MIFGSM,500,488,150,0.3073770491803279,0.976,2026-05-14 11:36:51
efficientnet_b0_advanced,resnet18_advanced,MIFGSM,500,472,31,0.06567796610169492,0.944,2026-05-14 11:36:51
efficientnet_b0_advanced,swin_t_advanced,MIFGSM,500,442,38,0.08597285067873303,0.884,2026-05-14 11:36:52
efficientnet_b0_advanced,densenet121_adv_passive,MIFGSM,500,492,25,0.0508130081300813,0.984,2026-05-14 11:36:53
efficientnet_b0_advanced,efficientnet_b0_adv_passive,MIFGSM,500,498,316,0.6345381526104418,0.996,2026-05-14 11:36:54
efficientnet_b0_advanced,inception_v3_adv_passive,MIFGSM,500,485,16,0.032989690721649485,0.97,2026-05-14 11:36:55
efficientnet_b0_advanced,mobilenet_v2_adv_passive,MIFGSM,500,492,55,0.11178861788617886,0.984,2026-05-14 11:36:55
efficientnet_b0_advanced,resnet18_adv_passive,MIFGSM,500,492,21,0.042682926829268296,0.984,2026-05-14 11:36:55
efficientnet_b0_advanced,swin_t_adv_passive,MIFGSM,500,492,24,0.04878048780487805,0.984,2026-05-14 11:36:57
efficientnet_b0_advanced,densenet121_advanced,NIFGSM,500,465,45,0.0967741935483871,0.93,2026-05-14 11:39:25
efficientnet_b0_advanced,inception_v3_advanced,NIFGSM,500,477,77,0.16142557651991615,0.954,2026-05-14 11:39:26
efficientnet_b0_advanced,mobilenet_v2_advanced,NIFGSM,500,483,128,0.2650103519668737,0.966,2026-05-14 11:39:27
efficientnet_b0_advanced,resnet18_advanced,NIFGSM,500,477,54,0.11320754716981132,0.954,2026-05-14 11:39:27
efficientnet_b0_advanced,swin_t_advanced,NIFGSM,500,453,50,0.11037527593818984,0.906,2026-05-14 11:39:28
efficientnet_b0_advanced,densenet121_adv_passive,NIFGSM,500,492,30,0.06097560975609756,0.984,2026-05-14 11:39:29
efficientnet_b0_advanced,efficientnet_b0_adv_passive,NIFGSM,500,498,205,0.41164658634538154,0.996,2026-05-14 11:39:30
efficientnet_b0_advanced,inception_v3_adv_passive,NIFGSM,500,485,20,0.041237113402061855,0.97,2026-05-14 11:39:30
efficientnet_b0_advanced,mobilenet_v2_adv_passive,NIFGSM,500,495,57,0.11515151515151516,0.99,2026-05-14 11:39:31
efficientnet_b0_advanced,resnet18_adv_passive,NIFGSM,500,490,18,0.036734693877551024,0.98,2026-05-14 11:39:31
efficientnet_b0_advanced,swin_t_adv_passive,NIFGSM,500,491,28,0.05702647657841141,0.982,2026-05-14 11:39:33
efficientnet_b0_advanced,densenet121_advanced,PGD,500,474,19,0.04008438818565401,0.948,2026-05-14 11:42:00
efficientnet_b0_advanced,inception_v3_advanced,PGD,500,479,33,0.06889352818371608,0.958,2026-05-14 11:42:01
efficientnet_b0_advanced,mobilenet_v2_advanced,PGD,500,484,100,0.2066115702479339,0.968,2026-05-14 11:42:02
efficientnet_b0_advanced,resnet18_advanced,PGD,500,482,26,0.05394190871369295,0.964,2026-05-14 11:42:02
efficientnet_b0_advanced,swin_t_advanced,PGD,500,453,21,0.046357615894039736,0.906,2026-05-14 11:42:03
efficientnet_b0_advanced,densenet121_adv_passive,PGD,500,492,12,0.024390243902439025,0.984,2026-05-14 11:42:04
efficientnet_b0_advanced,efficientnet_b0_adv_passive,PGD,500,497,253,0.5090543259557344,0.994,2026-05-14 11:42:05
efficientnet_b0_advanced,inception_v3_adv_passive,PGD,500,482,11,0.022821576763485476,0.964,2026-05-14 11:42:06
efficientnet_b0_advanced,mobilenet_v2_adv_passive,PGD,500,493,31,0.06288032454361055,0.986,2026-05-14 11:42:06
efficientnet_b0_advanced,resnet18_adv_passive,PGD,500,492,10,0.02032520325203252,0.984,2026-05-14 11:42:06
efficientnet_b0_advanced,swin_t_adv_passive,PGD,500,494,6,0.012145748987854251,0.988,2026-05-14 11:42:08
efficientnet_b0_advanced,densenet121_advanced,PGDL2,500,464,4,0.008620689655172414,0.928,2026-05-14 11:44:40
efficientnet_b0_advanced,inception_v3_advanced,PGDL2,500,478,3,0.006276150627615063,0.956,2026-05-14 11:44:41
efficientnet_b0_advanced,mobilenet_v2_advanced,PGDL2,500,479,17,0.03549060542797495,0.958,2026-05-14 11:44:41
efficientnet_b0_advanced,resnet18_advanced,PGDL2,500,477,3,0.006289308176100629,0.954,2026-05-14 11:44:42
efficientnet_b0_advanced,swin_t_advanced,PGDL2,500,447,3,0.006711409395973154,0.894,2026-05-14 11:44:43
efficientnet_b0_advanced,densenet121_adv_passive,PGDL2,500,492,2,0.0040650406504065045,0.984,2026-05-14 11:44:44
efficientnet_b0_advanced,efficientnet_b0_adv_passive,PGDL2,500,498,15,0.030120481927710843,0.996,2026-05-14 11:44:44
efficientnet_b0_advanced,inception_v3_adv_passive,PGDL2,500,481,5,0.010395010395010396,0.962,2026-05-14 11:44:45
efficientnet_b0_advanced,mobilenet_v2_adv_passive,PGDL2,500,494,3,0.006072874493927126,0.988,2026-05-14 11:44:46
efficientnet_b0_advanced,resnet18_adv_passive,PGDL2,500,491,2,0.004073319755600814,0.982,2026-05-14 11:44:46
efficientnet_b0_advanced,swin_t_adv_passive,PGDL2,500,496,2,0.004032258064516129,0.992,2026-05-14 11:44:47
efficientnet_b0_advanced,densenet121_advanced,PGDRS,500,470,49,0.10425531914893617,0.94,2026-05-14 11:49:51
efficientnet_b0_advanced,inception_v3_advanced,PGDRS,500,474,66,0.13924050632911392,0.948,2026-05-14 11:49:51
efficientnet_b0_advanced,mobilenet_v2_advanced,PGDRS,500,488,166,0.3401639344262295,0.976,2026-05-14 11:49:52
efficientnet_b0_advanced,resnet18_advanced,PGDRS,500,466,37,0.07939914163090128,0.932,2026-05-14 11:49:53
efficientnet_b0_advanced,swin_t_advanced,PGDRS,500,454,50,0.11013215859030837,0.908,2026-05-14 11:49:54
efficientnet_b0_advanced,densenet121_adv_passive,PGDRS,500,495,23,0.046464646464646465,0.99,2026-05-14 11:49:55
efficientnet_b0_advanced,efficientnet_b0_adv_passive,PGDRS,500,498,299,0.6004016064257028,0.996,2026-05-14 11:49:55
efficientnet_b0_advanced,inception_v3_adv_passive,PGDRS,500,487,18,0.03696098562628337,0.974,2026-05-14 11:49:56
efficientnet_b0_advanced,mobilenet_v2_adv_passive,PGDRS,500,495,60,0.12121212121212122,0.99,2026-05-14 11:49:56
efficientnet_b0_advanced,resnet18_adv_passive,PGDRS,500,493,14,0.028397565922920892,0.986,2026-05-14 11:49:57
efficientnet_b0_advanced,swin_t_adv_passive,PGDRS,500,493,26,0.05273833671399594,0.986,2026-05-14 11:49:58
efficientnet_b0_advanced,densenet121_advanced,PGDRSL2,500,452,11,0.024336283185840708,0.904,2026-05-14 11:58:47
efficientnet_b0_advanced,inception_v3_advanced,PGDRSL2,500,445,23,0.051685393258426963,0.89,2026-05-14 11:58:48
efficientnet_b0_advanced,mobilenet_v2_advanced,PGDRSL2,500,460,30,0.06521739130434782,0.92,2026-05-14 11:58:48
efficientnet_b0_advanced,resnet18_advanced,PGDRSL2,500,442,11,0.024886877828054297,0.884,2026-05-14 11:58:48
efficientnet_b0_advanced,swin_t_advanced,PGDRSL2,500,402,8,0.01990049751243781,0.804,2026-05-14 11:58:50
efficientnet_b0_advanced,densenet121_adv_passive,PGDRSL2,500,487,2,0.004106776180698152,0.974,2026-05-14 11:58:50
efficientnet_b0_advanced,efficientnet_b0_adv_passive,PGDRSL2,500,496,14,0.028225806451612902,0.992,2026-05-14 11:58:51
efficientnet_b0_advanced,inception_v3_adv_passive,PGDRSL2,500,469,5,0.010660980810234541,0.938,2026-05-14 11:58:52
efficientnet_b0_advanced,mobilenet_v2_adv_passive,PGDRSL2,500,485,9,0.018556701030927835,0.97,2026-05-14 11:58:52
efficientnet_b0_advanced,resnet18_adv_passive,PGDRSL2,500,477,11,0.023060796645702306,0.954,2026-05-14 11:58:53
efficientnet_b0_advanced,swin_t_adv_passive,PGDRSL2,500,480,4,0.008333333333333333,0.96,2026-05-14 11:58:54
efficientnet_b0_advanced,densenet121_advanced,RFGSM,500,475,22,0.04631578947368421,0.95,2026-05-14 12:01:20
efficientnet_b0_advanced,inception_v3_advanced,RFGSM,500,482,30,0.06224066390041494,0.964,2026-05-14 12:01:21
efficientnet_b0_advanced,mobilenet_v2_advanced,RFGSM,500,488,86,0.1762295081967213,0.976,2026-05-14 12:01:22
efficientnet_b0_advanced,resnet18_advanced,RFGSM,500,482,21,0.043568464730290454,0.964,2026-05-14 12:01:22
efficientnet_b0_advanced,swin_t_advanced,RFGSM,500,451,25,0.05543237250554324,0.902,2026-05-14 12:01:24
efficientnet_b0_advanced,densenet121_adv_passive,RFGSM,500,494,14,0.02834008097165992,0.988,2026-05-14 12:01:24
efficientnet_b0_advanced,efficientnet_b0_adv_passive,RFGSM,500,499,254,0.5090180360721442,0.998,2026-05-14 12:01:25
efficientnet_b0_advanced,inception_v3_adv_passive,RFGSM,500,488,10,0.020491803278688523,0.976,2026-05-14 12:01:26
efficientnet_b0_advanced,mobilenet_v2_adv_passive,RFGSM,500,495,38,0.07676767676767676,0.99,2026-05-14 12:01:26
efficientnet_b0_advanced,resnet18_adv_passive,RFGSM,500,491,9,0.018329938900203666,0.982,2026-05-14 12:01:27
efficientnet_b0_advanced,swin_t_adv_passive,RFGSM,500,493,11,0.02231237322515213,0.986,2026-05-14 12:01:28
efficientnet_b0_advanced,densenet121_advanced,SINIFGSM,500,470,51,0.10851063829787234,0.94,2026-05-14 12:13:32
efficientnet_b0_advanced,inception_v3_advanced,SINIFGSM,500,485,110,0.2268041237113402,0.97,2026-05-14 12:13:33
efficientnet_b0_advanced,mobilenet_v2_advanced,SINIFGSM,500,485,186,0.3835051546391753,0.97,2026-05-14 12:13:33
efficientnet_b0_advanced,resnet18_advanced,SINIFGSM,500,479,71,0.14822546972860126,0.958,2026-05-14 12:13:34
efficientnet_b0_advanced,swin_t_advanced,SINIFGSM,500,456,75,0.16447368421052633,0.912,2026-05-14 12:13:35
efficientnet_b0_advanced,densenet121_adv_passive,SINIFGSM,500,494,33,0.06680161943319839,0.988,2026-05-14 12:13:36
efficientnet_b0_advanced,efficientnet_b0_adv_passive,SINIFGSM,500,498,189,0.3795180722891566,0.996,2026-05-14 12:13:37
efficientnet_b0_advanced,inception_v3_adv_passive,SINIFGSM,500,486,26,0.053497942386831275,0.972,2026-05-14 12:13:37
efficientnet_b0_advanced,mobilenet_v2_adv_passive,SINIFGSM,500,494,75,0.15182186234817813,0.988,2026-05-14 12:13:38
efficientnet_b0_advanced,resnet18_adv_passive,SINIFGSM,500,492,28,0.056910569105691054,0.984,2026-05-14 12:13:38
efficientnet_b0_advanced,swin_t_adv_passive,SINIFGSM,500,496,45,0.0907258064516129,0.992,2026-05-14 12:13:39
efficientnet_b0_advanced,densenet121_advanced,SPSA,500,456,15,0.03289473684210526,0.912,2026-05-14 12:25:39
efficientnet_b0_advanced,inception_v3_advanced,SPSA,500,462,37,0.08008658008658008,0.924,2026-05-14 12:25:40
efficientnet_b0_advanced,mobilenet_v2_advanced,SPSA,500,476,42,0.08823529411764706,0.952,2026-05-14 12:25:41
efficientnet_b0_advanced,resnet18_advanced,SPSA,500,461,21,0.0455531453362256,0.922,2026-05-14 12:25:41
efficientnet_b0_advanced,swin_t_advanced,SPSA,500,421,10,0.023752969121140142,0.842,2026-05-14 12:25:42
efficientnet_b0_advanced,densenet121_adv_passive,SPSA,500,487,5,0.01026694045174538,0.974,2026-05-14 12:25:43
efficientnet_b0_advanced,efficientnet_b0_adv_passive,SPSA,500,499,10,0.02004008016032064,0.998,2026-05-14 12:25:44
efficientnet_b0_advanced,inception_v3_adv_passive,SPSA,500,479,6,0.012526096033402923,0.958,2026-05-14 12:25:45
efficientnet_b0_advanced,mobilenet_v2_adv_passive,SPSA,500,490,13,0.026530612244897958,0.98,2026-05-14 12:25:45
efficientnet_b0_advanced,resnet18_adv_passive,SPSA,500,489,4,0.0081799591002045,0.978,2026-05-14 12:25:46
efficientnet_b0_advanced,swin_t_adv_passive,SPSA,500,487,6,0.012320328542094456,0.974,2026-05-14 12:25:47
efficientnet_b0_advanced,densenet121_advanced,TIFGSM,500,468,64,0.13675213675213677,0.936,2026-05-14 12:28:17
efficientnet_b0_advanced,inception_v3_advanced,TIFGSM,500,477,45,0.09433962264150944,0.954,2026-05-14 12:28:18
efficientnet_b0_advanced,mobilenet_v2_advanced,TIFGSM,500,489,74,0.15132924335378323,0.978,2026-05-14 12:28:18
efficientnet_b0_advanced,resnet18_advanced,TIFGSM,500,476,28,0.058823529411764705,0.952,2026-05-14 12:28:19
efficientnet_b0_advanced,swin_t_advanced,TIFGSM,500,449,43,0.0957683741648107,0.898,2026-05-14 12:28:20
efficientnet_b0_advanced,densenet121_adv_passive,TIFGSM,500,492,29,0.05894308943089431,0.984,2026-05-14 12:28:21
efficientnet_b0_advanced,efficientnet_b0_adv_passive,TIFGSM,500,500,55,0.11,1.0,2026-05-14 12:28:21
efficientnet_b0_advanced,inception_v3_adv_passive,TIFGSM,500,486,14,0.02880658436213992,0.972,2026-05-14 12:28:22
efficientnet_b0_advanced,mobilenet_v2_adv_passive,TIFGSM,500,498,25,0.050200803212851405,0.996,2026-05-14 12:28:23
efficientnet_b0_advanced,resnet18_adv_passive,TIFGSM,500,492,21,0.042682926829268296,0.984,2026-05-14 12:28:23
efficientnet_b0_advanced,swin_t_adv_passive,TIFGSM,500,494,10,0.020242914979757085,0.988,2026-05-14 12:28:24
efficientnet_b0_advanced,densenet121_advanced,TPGD,500,463,22,0.047516198704103674,0.926,2026-05-14 12:33:07
efficientnet_b0_advanced,inception_v3_advanced,TPGD,500,470,40,0.0851063829787234,0.94,2026-05-14 12:33:08
efficientnet_b0_advanced,mobilenet_v2_advanced,TPGD,500,483,109,0.22567287784679088,0.966,2026-05-14 12:33:08
efficientnet_b0_advanced,resnet18_advanced,TPGD,500,470,23,0.04893617021276596,0.94,2026-05-14 12:33:09
efficientnet_b0_advanced,swin_t_advanced,TPGD,500,448,24,0.05357142857142857,0.896,2026-05-14 12:33:10
efficientnet_b0_advanced,densenet121_adv_passive,TPGD,500,492,12,0.024390243902439025,0.984,2026-05-14 12:33:11
efficientnet_b0_advanced,efficientnet_b0_adv_passive,TPGD,500,498,260,0.5220883534136547,0.996,2026-05-14 12:33:11
efficientnet_b0_advanced,inception_v3_adv_passive,TPGD,500,480,8,0.016666666666666666,0.96,2026-05-14 12:33:12
efficientnet_b0_advanced,mobilenet_v2_adv_passive,TPGD,500,497,40,0.08048289738430583,0.994,2026-05-14 12:33:13
efficientnet_b0_advanced,resnet18_adv_passive,TPGD,500,485,12,0.024742268041237112,0.97,2026-05-14 12:33:13
efficientnet_b0_advanced,swin_t_adv_passive,TPGD,500,489,17,0.034764826175869123,0.978,2026-05-14 12:33:14
efficientnet_b0_advanced,densenet121_advanced,UPGD,500,465,44,0.09462365591397849,0.93,2026-05-14 12:35:42
efficientnet_b0_advanced,inception_v3_advanced,UPGD,500,477,82,0.1719077568134172,0.954,2026-05-14 12:35:43
efficientnet_b0_advanced,mobilenet_v2_advanced,UPGD,500,483,145,0.3002070393374741,0.966,2026-05-14 12:35:44
efficientnet_b0_advanced,resnet18_advanced,UPGD,500,480,42,0.0875,0.96,2026-05-14 12:35:44
efficientnet_b0_advanced,swin_t_advanced,UPGD,500,449,48,0.10690423162583519,0.898,2026-05-14 12:35:45
efficientnet_b0_advanced,densenet121_adv_passive,UPGD,500,497,25,0.05030181086519115,0.994,2026-05-14 12:35:46
efficientnet_b0_advanced,efficientnet_b0_adv_passive,UPGD,500,495,310,0.6262626262626263,0.99,2026-05-14 12:35:47
efficientnet_b0_advanced,inception_v3_adv_passive,UPGD,500,486,15,0.030864197530864196,0.972,2026-05-14 12:35:48
efficientnet_b0_advanced,mobilenet_v2_adv_passive,UPGD,500,495,55,0.1111111111111111,0.99,2026-05-14 12:35:48
efficientnet_b0_advanced,resnet18_adv_passive,UPGD,500,490,20,0.04081632653061224,0.98,2026-05-14 12:35:49
efficientnet_b0_advanced,swin_t_adv_passive,UPGD,500,498,30,0.060240963855421686,0.996,2026-05-14 12:35:50
efficientnet_b0_advanced,densenet121_advanced,VMIFGSM,500,463,69,0.1490280777537797,0.926,2026-05-14 12:50:19
efficientnet_b0_advanced,inception_v3_advanced,VMIFGSM,500,479,97,0.20250521920668058,0.958,2026-05-14 12:50:20
efficientnet_b0_advanced,mobilenet_v2_advanced,VMIFGSM,500,484,205,0.42355371900826444,0.968,2026-05-14 12:50:21
efficientnet_b0_advanced,resnet18_advanced,VMIFGSM,500,471,50,0.10615711252653928,0.942,2026-05-14 12:50:21
efficientnet_b0_advanced,swin_t_advanced,VMIFGSM,500,444,59,0.13288288288288289,0.888,2026-05-14 12:50:22
efficientnet_b0_advanced,densenet121_adv_passive,VMIFGSM,500,491,37,0.07535641547861507,0.982,2026-05-14 12:50:23
efficientnet_b0_advanced,efficientnet_b0_adv_passive,VMIFGSM,500,499,368,0.7374749498997996,0.998,2026-05-14 12:50:24
efficientnet_b0_advanced,inception_v3_adv_passive,VMIFGSM,500,489,40,0.081799591002045,0.978,2026-05-14 12:50:25
efficientnet_b0_advanced,mobilenet_v2_adv_passive,VMIFGSM,500,495,106,0.21414141414141413,0.99,2026-05-14 12:50:25
efficientnet_b0_advanced,resnet18_adv_passive,VMIFGSM,500,486,43,0.08847736625514403,0.972,2026-05-14 12:50:26
efficientnet_b0_advanced,swin_t_adv_passive,VMIFGSM,500,489,46,0.09406952965235174,0.978,2026-05-14 12:50:27
efficientnet_b0_advanced,densenet121_advanced,VNIFGSM,500,464,78,0.16810344827586207,0.928,2026-05-14 13:04:48
efficientnet_b0_advanced,inception_v3_advanced,VNIFGSM,500,464,111,0.23922413793103448,0.928,2026-05-14 13:04:49
efficientnet_b0_advanced,mobilenet_v2_advanced,VNIFGSM,500,482,226,0.46887966804979253,0.964,2026-05-14 13:04:50
efficientnet_b0_advanced,resnet18_advanced,VNIFGSM,500,472,66,0.13983050847457626,0.944,2026-05-14 13:04:50
efficientnet_b0_advanced,swin_t_advanced,VNIFGSM,500,438,75,0.17123287671232876,0.876,2026-05-14 13:04:51
efficientnet_b0_advanced,densenet121_adv_passive,VNIFGSM,500,492,48,0.0975609756097561,0.984,2026-05-14 13:04:52
efficientnet_b0_advanced,efficientnet_b0_adv_passive,VNIFGSM,500,496,382,0.7701612903225806,0.992,2026-05-14 13:04:53
efficientnet_b0_advanced,inception_v3_adv_passive,VNIFGSM,500,486,31,0.06378600823045268,0.972,2026-05-14 13:04:54
efficientnet_b0_advanced,mobilenet_v2_adv_passive,VNIFGSM,500,491,115,0.23421588594704684,0.982,2026-05-14 13:04:54
efficientnet_b0_advanced,resnet18_adv_passive,VNIFGSM,500,481,32,0.06652806652806653,0.962,2026-05-14 13:04:55
efficientnet_b0_advanced,swin_t_adv_passive,VNIFGSM,500,492,62,0.12601626016260162,0.984,2026-05-14 13:04:56
efficientnet_b0_advanced,densenet121_advanced,OnePixel,18,14,0,0.0,0.7777777777777778,2026-05-14 13:22:06
efficientnet_b0_advanced,inception_v3_advanced,OnePixel,18,14,0,0.0,0.7777777777777778,2026-05-14 13:22:07
efficientnet_b0_advanced,mobilenet_v2_advanced,OnePixel,18,14,0,0.0,0.7777777777777778,2026-05-14 13:22:07
efficientnet_b0_advanced,resnet18_advanced,OnePixel,18,12,0,0.0,0.6666666666666666,2026-05-14 13:22:08
efficientnet_b0_advanced,swin_t_advanced,OnePixel,18,12,0,0.0,0.6666666666666666,2026-05-14 13:22:09
efficientnet_b0_advanced,densenet121_adv_passive,OnePixel,18,17,0,0.0,0.9444444444444444,2026-05-14 13:22:09
efficientnet_b0_advanced,efficientnet_b0_adv_passive,OnePixel,18,17,0,0.0,0.9444444444444444,2026-05-14 13:22:09
efficientnet_b0_advanced,inception_v3_adv_passive,OnePixel,18,17,0,0.0,0.9444444444444444,2026-05-14 13:22:10
efficientnet_b0_advanced,mobilenet_v2_adv_passive,OnePixel,18,17,1,0.058823529411764705,0.9444444444444444,2026-05-14 13:22:10
efficientnet_b0_advanced,resnet18_adv_passive,OnePixel,18,17,0,0.0,0.9444444444444444,2026-05-14 13:22:10
efficientnet_b0_advanced,swin_t_adv_passive,OnePixel,18,16,0,0.0,0.8888888888888888,2026-05-14 13:22:11
efficientnet_b0_advanced,densenet121_advanced,Pixle,500,409,175,0.4278728606356968,0.818,2026-05-14 17:22:32
efficientnet_b0_advanced,inception_v3_advanced,Pixle,500,418,100,0.23923444976076555,0.836,2026-05-14 17:22:33
efficientnet_b0_advanced,mobilenet_v2_advanced,Pixle,500,432,101,0.2337962962962963,0.864,2026-05-14 17:22:33
efficientnet_b0_advanced,resnet18_advanced,Pixle,500,398,138,0.34673366834170855,0.796,2026-05-14 17:22:34
efficientnet_b0_advanced,swin_t_advanced,Pixle,500,366,40,0.1092896174863388,0.732,2026-05-14 17:22:35
efficientnet_b0_advanced,densenet121_adv_passive,Pixle,500,481,28,0.058212058212058215,0.962,2026-05-14 17:22:36
efficientnet_b0_advanced,efficientnet_b0_adv_passive,Pixle,500,493,8,0.016227180527383367,0.986,2026-05-14 17:22:36
efficientnet_b0_advanced,inception_v3_adv_passive,Pixle,500,456,32,0.07017543859649122,0.912,2026-05-14 17:22:37
efficientnet_b0_advanced,mobilenet_v2_adv_passive,Pixle,500,480,18,0.0375,0.96,2026-05-14 17:22:38
efficientnet_b0_advanced,resnet18_adv_passive,Pixle,500,461,28,0.06073752711496746,0.922,2026-05-14 17:22:38
efficientnet_b0_advanced,swin_t_adv_passive,Pixle,500,481,9,0.018711018711018712,0.962,2026-05-14 17:22:39
efficientnet_b0_advanced,densenet121_advanced,Square,500,459,26,0.05664488017429194,0.918,2026-05-14 18:22:47
efficientnet_b0_advanced,inception_v3_advanced,Square,500,471,35,0.07430997876857749,0.942,2026-05-14 18:22:48
efficientnet_b0_advanced,mobilenet_v2_advanced,Square,500,474,60,0.12658227848101267,0.948,2026-05-14 18:22:48
efficientnet_b0_advanced,resnet18_advanced,Square,500,470,18,0.03829787234042553,0.94,2026-05-14 18:22:49
efficientnet_b0_advanced,swin_t_advanced,Square,500,443,63,0.14221218961625282,0.886,2026-05-14 18:22:50
efficientnet_b0_advanced,densenet121_adv_passive,Square,500,492,20,0.04065040650406504,0.984,2026-05-14 18:22:51
efficientnet_b0_advanced,efficientnet_b0_adv_passive,Square,500,498,7,0.014056224899598393,0.996,2026-05-14 18:22:51
efficientnet_b0_advanced,inception_v3_adv_passive,Square,500,480,17,0.035416666666666666,0.96,2026-05-14 18:22:52
efficientnet_b0_advanced,mobilenet_v2_adv_passive,Square,500,493,15,0.030425963488843813,0.986,2026-05-14 18:22:53
efficientnet_b0_advanced,resnet18_adv_passive,Square,500,489,14,0.028629856850715747,0.978,2026-05-14 18:22:53
efficientnet_b0_advanced,swin_t_adv_passive,Square,500,489,8,0.016359918200409,0.978,2026-05-14 18:22:54
inception_v3_advanced,densenet121_advanced,APGD,500,475,20,0.042105263157894736,0.95,2026-05-14 18:27:04
inception_v3_advanced,efficientnet_b0_advanced,APGD,500,490,39,0.07959183673469387,0.98,2026-05-14 18:27:05
inception_v3_advanced,mobilenet_v2_advanced,APGD,500,490,41,0.0836734693877551,0.98,2026-05-14 18:27:05
inception_v3_advanced,resnet18_advanced,APGD,500,485,28,0.0577319587628866,0.97,2026-05-14 18:27:06
inception_v3_advanced,swin_t_advanced,APGD,500,468,15,0.03205128205128205,0.936,2026-05-14 18:27:07
inception_v3_advanced,densenet121_adv_passive,APGD,500,498,11,0.02208835341365462,0.996,2026-05-14 18:27:08
inception_v3_advanced,efficientnet_b0_adv_passive,APGD,500,498,3,0.006024096385542169,0.996,2026-05-14 18:27:09
inception_v3_advanced,inception_v3_adv_passive,APGD,500,489,10,0.02044989775051125,0.978,2026-05-14 18:27:09
inception_v3_advanced,mobilenet_v2_adv_passive,APGD,500,494,3,0.006072874493927126,0.988,2026-05-14 18:27:10
inception_v3_advanced,resnet18_adv_passive,APGD,500,493,6,0.012170385395537525,0.986,2026-05-14 18:27:10
inception_v3_advanced,swin_t_adv_passive,APGD,500,496,8,0.016129032258064516,0.992,2026-05-14 18:27:11
inception_v3_advanced,densenet121_advanced,APGDT,500,478,29,0.060669456066945605,0.956,2026-05-14 18:31:41
inception_v3_advanced,efficientnet_b0_advanced,APGDT,500,488,36,0.07377049180327869,0.976,2026-05-14 18:31:41
inception_v3_advanced,mobilenet_v2_advanced,APGDT,500,486,38,0.07818930041152264,0.972,2026-05-14 18:31:42
inception_v3_advanced,resnet18_advanced,APGDT,500,483,29,0.060041407867494824,0.966,2026-05-14 18:31:42
inception_v3_advanced,swin_t_advanced,APGDT,500,459,26,0.05664488017429194,0.918,2026-05-14 18:31:43
inception_v3_advanced,densenet121_adv_passive,APGDT,500,492,8,0.016260162601626018,0.984,2026-05-14 18:31:44
inception_v3_advanced,efficientnet_b0_adv_passive,APGDT,500,499,3,0.006012024048096192,0.998,2026-05-14 18:31:45
inception_v3_advanced,inception_v3_adv_passive,APGDT,500,494,16,0.032388663967611336,0.988,2026-05-14 18:31:46
inception_v3_advanced,mobilenet_v2_adv_passive,APGDT,500,496,8,0.016129032258064516,0.992,2026-05-14 18:31:46
inception_v3_advanced,resnet18_adv_passive,APGDT,500,495,3,0.006060606060606061,0.99,2026-05-14 18:31:47
inception_v3_advanced,swin_t_adv_passive,APGDT,500,494,7,0.01417004048582996,0.988,2026-05-14 18:31:48
inception_v3_advanced,densenet121_advanced,BIM,500,478,38,0.0794979079497908,0.956,2026-05-14 18:35:15
inception_v3_advanced,efficientnet_b0_advanced,BIM,500,488,44,0.09016393442622951,0.976,2026-05-14 18:35:16
inception_v3_advanced,mobilenet_v2_advanced,BIM,500,486,58,0.11934156378600823,0.972,2026-05-14 18:35:17
inception_v3_advanced,resnet18_advanced,BIM,500,483,46,0.09523809523809523,0.966,2026-05-14 18:35:17
inception_v3_advanced,swin_t_advanced,BIM,500,459,28,0.06100217864923747,0.918,2026-05-14 18:35:18
inception_v3_advanced,densenet121_adv_passive,BIM,500,492,8,0.016260162601626018,0.984,2026-05-14 18:35:19
inception_v3_advanced,efficientnet_b0_adv_passive,BIM,500,499,4,0.008016032064128256,0.998,2026-05-14 18:35:20
inception_v3_advanced,inception_v3_adv_passive,BIM,500,494,22,0.044534412955465584,0.988,2026-05-14 18:35:21
inception_v3_advanced,mobilenet_v2_adv_passive,BIM,500,496,11,0.02217741935483871,0.992,2026-05-14 18:35:21
inception_v3_advanced,resnet18_adv_passive,BIM,500,495,6,0.012121212121212121,0.99,2026-05-14 18:35:21
inception_v3_advanced,swin_t_adv_passive,BIM,500,494,9,0.018218623481781375,0.988,2026-05-14 18:35:23
inception_v3_advanced,densenet121_advanced,CW,500,476,4,0.008403361344537815,0.952,2026-05-14 18:43:05
inception_v3_advanced,efficientnet_b0_advanced,CW,500,490,4,0.00816326530612245,0.98,2026-05-14 18:43:06
inception_v3_advanced,mobilenet_v2_advanced,CW,500,488,4,0.00819672131147541,0.976,2026-05-14 18:43:07
inception_v3_advanced,resnet18_advanced,CW,500,485,7,0.01443298969072165,0.97,2026-05-14 18:43:07
inception_v3_advanced,swin_t_advanced,CW,500,452,2,0.004424778761061947,0.904,2026-05-14 18:43:08
inception_v3_advanced,densenet121_adv_passive,CW,500,494,1,0.0020242914979757085,0.988,2026-05-14 18:43:09
inception_v3_advanced,efficientnet_b0_adv_passive,CW,500,499,1,0.002004008016032064,0.998,2026-05-14 18:43:10
inception_v3_advanced,inception_v3_adv_passive,CW,500,496,5,0.010080645161290322,0.992,2026-05-14 18:43:10
inception_v3_advanced,mobilenet_v2_adv_passive,CW,500,498,2,0.004016064257028112,0.996,2026-05-14 18:43:11
inception_v3_advanced,resnet18_adv_passive,CW,500,493,1,0.002028397565922921,0.986,2026-05-14 18:43:11
inception_v3_advanced,swin_t_adv_passive,CW,500,492,2,0.0040650406504065045,0.984,2026-05-14 18:43:12
inception_v3_advanced,densenet121_advanced,DeepFool,500,474,1,0.002109704641350211,0.948,2026-05-14 18:50:01
inception_v3_advanced,efficientnet_b0_advanced,DeepFool,500,484,0,0.0,0.968,2026-05-14 18:50:02
inception_v3_advanced,mobilenet_v2_advanced,DeepFool,500,494,1,0.0020242914979757085,0.988,2026-05-14 18:50:02
inception_v3_advanced,resnet18_advanced,DeepFool,500,481,1,0.002079002079002079,0.962,2026-05-14 18:50:03
inception_v3_advanced,swin_t_advanced,DeepFool,500,463,0,0.0,0.926,2026-05-14 18:50:04
inception_v3_advanced,densenet121_adv_passive,DeepFool,500,497,0,0.0,0.994,2026-05-14 18:50:05
inception_v3_advanced,efficientnet_b0_adv_passive,DeepFool,500,500,0,0.0,1.0,2026-05-14 18:50:05
inception_v3_advanced,inception_v3_adv_passive,DeepFool,500,496,1,0.0020161290322580645,0.992,2026-05-14 18:50:06
inception_v3_advanced,mobilenet_v2_adv_passive,DeepFool,500,497,0,0.0,0.994,2026-05-14 18:50:06
inception_v3_advanced,resnet18_adv_passive,DeepFool,500,494,0,0.0,0.988,2026-05-14 18:50:07
inception_v3_advanced,swin_t_adv_passive,DeepFool,500,497,0,0.0,0.994,2026-05-14 18:50:08
inception_v3_advanced,densenet121_advanced,DIFGSM,500,478,51,0.10669456066945607,0.956,2026-05-14 18:53:34
inception_v3_advanced,efficientnet_b0_advanced,DIFGSM,500,480,50,0.10416666666666667,0.96,2026-05-14 18:53:35
inception_v3_advanced,mobilenet_v2_advanced,DIFGSM,500,487,73,0.14989733059548255,0.974,2026-05-14 18:53:35
inception_v3_advanced,resnet18_advanced,DIFGSM,500,486,66,0.13580246913580246,0.972,2026-05-14 18:53:36
inception_v3_advanced,swin_t_advanced,DIFGSM,500,462,37,0.08008658008658008,0.924,2026-05-14 18:53:37
inception_v3_advanced,densenet121_adv_passive,DIFGSM,500,492,17,0.034552845528455285,0.984,2026-05-14 18:53:38
inception_v3_advanced,efficientnet_b0_adv_passive,DIFGSM,500,499,9,0.018036072144288578,0.998,2026-05-14 18:53:38
inception_v3_advanced,inception_v3_adv_passive,DIFGSM,500,492,24,0.04878048780487805,0.984,2026-05-14 18:53:39
inception_v3_advanced,mobilenet_v2_adv_passive,DIFGSM,500,494,16,0.032388663967611336,0.988,2026-05-14 18:53:40
inception_v3_advanced,resnet18_adv_passive,DIFGSM,500,490,10,0.02040816326530612,0.98,2026-05-14 18:53:40
inception_v3_advanced,swin_t_adv_passive,DIFGSM,500,493,16,0.032454361054766734,0.986,2026-05-14 18:53:41
inception_v3_advanced,densenet121_advanced,EADEN,500,472,2,0.00423728813559322,0.944,2026-05-14 19:38:32
inception_v3_advanced,efficientnet_b0_advanced,EADEN,500,493,2,0.004056795131845842,0.986,2026-05-14 19:38:33
inception_v3_advanced,mobilenet_v2_advanced,EADEN,500,488,1,0.0020491803278688526,0.976,2026-05-14 19:38:33
inception_v3_advanced,resnet18_advanced,EADEN,500,484,0,0.0,0.968,2026-05-14 19:38:34
inception_v3_advanced,swin_t_advanced,EADEN,500,459,1,0.002178649237472767,0.918,2026-05-14 19:38:35
inception_v3_advanced,densenet121_adv_passive,EADEN,500,494,1,0.0020242914979757085,0.988,2026-05-14 19:38:36
inception_v3_advanced,efficientnet_b0_adv_passive,EADEN,500,499,0,0.0,0.998,2026-05-14 19:38:37
inception_v3_advanced,inception_v3_adv_passive,EADEN,500,487,1,0.002053388090349076,0.974,2026-05-14 19:38:37
inception_v3_advanced,mobilenet_v2_adv_passive,EADEN,500,496,1,0.0020161290322580645,0.992,2026-05-14 19:38:38
inception_v3_advanced,resnet18_adv_passive,EADEN,500,494,2,0.004048582995951417,0.988,2026-05-14 19:38:38
inception_v3_advanced,swin_t_adv_passive,EADEN,500,495,0,0.0,0.99,2026-05-14 19:38:39
inception_v3_advanced,densenet121_advanced,EADL1,500,470,1,0.002127659574468085,0.94,2026-05-14 20:22:58
inception_v3_advanced,efficientnet_b0_advanced,EADL1,500,488,1,0.0020491803278688526,0.976,2026-05-14 20:22:59
inception_v3_advanced,mobilenet_v2_advanced,EADL1,500,485,3,0.006185567010309278,0.97,2026-05-14 20:22:59
inception_v3_advanced,resnet18_advanced,EADL1,500,483,0,0.0,0.966,2026-05-14 20:23:00
inception_v3_advanced,swin_t_advanced,EADL1,500,457,0,0.0,0.914,2026-05-14 20:23:01
inception_v3_advanced,densenet121_adv_passive,EADL1,500,489,1,0.002044989775051125,0.978,2026-05-14 20:23:02
inception_v3_advanced,efficientnet_b0_adv_passive,EADL1,500,499,0,0.0,0.998,2026-05-14 20:23:03
inception_v3_advanced,inception_v3_adv_passive,EADL1,500,490,0,0.0,0.98,2026-05-14 20:23:03
inception_v3_advanced,mobilenet_v2_adv_passive,EADL1,500,498,0,0.0,0.996,2026-05-14 20:23:04
inception_v3_advanced,resnet18_adv_passive,EADL1,500,490,0,0.0,0.98,2026-05-14 20:23:04
inception_v3_advanced,swin_t_adv_passive,EADL1,500,494,1,0.0020242914979757085,0.988,2026-05-14 20:23:05
inception_v3_advanced,densenet121_advanced,EOTPGD,500,461,33,0.07158351409978309,0.922,2026-05-14 20:29:45
inception_v3_advanced,efficientnet_b0_advanced,EOTPGD,500,480,37,0.07708333333333334,0.96,2026-05-14 20:29:45
inception_v3_advanced,mobilenet_v2_advanced,EOTPGD,500,487,51,0.10472279260780287,0.974,2026-05-14 20:29:46
inception_v3_advanced,resnet18_advanced,EOTPGD,500,475,38,0.08,0.95,2026-05-14 20:29:46
inception_v3_advanced,swin_t_advanced,EOTPGD,500,449,23,0.051224944320712694,0.898,2026-05-14 20:29:48
inception_v3_advanced,densenet121_adv_passive,EOTPGD,500,488,8,0.01639344262295082,0.976,2026-05-14 20:29:48
inception_v3_advanced,efficientnet_b0_adv_passive,EOTPGD,500,496,8,0.016129032258064516,0.992,2026-05-14 20:29:49
inception_v3_advanced,inception_v3_adv_passive,EOTPGD,500,486,26,0.053497942386831275,0.972,2026-05-14 20:29:50
inception_v3_advanced,mobilenet_v2_adv_passive,EOTPGD,500,494,14,0.02834008097165992,0.988,2026-05-14 20:29:50
inception_v3_advanced,resnet18_adv_passive,EOTPGD,500,490,8,0.0163265306122449,0.98,2026-05-14 20:29:51
inception_v3_advanced,swin_t_adv_passive,EOTPGD,500,489,5,0.010224948875255624,0.978,2026-05-14 20:29:52
inception_v3_advanced,densenet121_advanced,FAB,500,482,1,0.002074688796680498,0.964,2026-05-14 20:50:02
inception_v3_advanced,efficientnet_b0_advanced,FAB,500,482,0,0.0,0.964,2026-05-14 20:50:03
inception_v3_advanced,mobilenet_v2_advanced,FAB,500,490,0,0.0,0.98,2026-05-14 20:50:03
inception_v3_advanced,resnet18_advanced,FAB,500,485,0,0.0,0.97,2026-05-14 20:50:04
inception_v3_advanced,swin_t_advanced,FAB,500,464,0,0.0,0.928,2026-05-14 20:50:05
inception_v3_advanced,densenet121_adv_passive,FAB,500,494,0,0.0,0.988,2026-05-14 20:50:06
inception_v3_advanced,efficientnet_b0_adv_passive,FAB,500,499,0,0.0,0.998,2026-05-14 20:50:06
inception_v3_advanced,inception_v3_adv_passive,FAB,500,491,0,0.0,0.982,2026-05-14 20:50:07
inception_v3_advanced,mobilenet_v2_adv_passive,FAB,500,496,0,0.0,0.992,2026-05-14 20:50:08
inception_v3_advanced,resnet18_adv_passive,FAB,500,497,0,0.0,0.994,2026-05-14 20:50:08
inception_v3_advanced,swin_t_adv_passive,FAB,500,493,0,0.0,0.986,2026-05-14 20:50:09
inception_v3_advanced,densenet121_advanced,FFGSM,500,466,65,0.13948497854077252,0.932,2026-05-14 20:50:44
inception_v3_advanced,efficientnet_b0_advanced,FFGSM,500,487,51,0.10472279260780287,0.974,2026-05-14 20:50:44
inception_v3_advanced,mobilenet_v2_advanced,FFGSM,500,484,59,0.12190082644628099,0.968,2026-05-14 20:50:45
inception_v3_advanced,resnet18_advanced,FFGSM,500,482,62,0.12863070539419086,0.964,2026-05-14 20:50:45
inception_v3_advanced,swin_t_advanced,FFGSM,500,450,47,0.10444444444444445,0.9,2026-05-14 20:50:46
inception_v3_advanced,densenet121_adv_passive,FFGSM,500,496,13,0.02620967741935484,0.992,2026-05-14 20:50:47
inception_v3_advanced,efficientnet_b0_adv_passive,FFGSM,500,499,7,0.014028056112224449,0.998,2026-05-14 20:50:48
inception_v3_advanced,inception_v3_adv_passive,FFGSM,500,486,19,0.03909465020576132,0.972,2026-05-14 20:50:49
inception_v3_advanced,mobilenet_v2_adv_passive,FFGSM,500,498,15,0.030120481927710843,0.996,2026-05-14 20:50:49
inception_v3_advanced,resnet18_adv_passive,FFGSM,500,494,14,0.02834008097165992,0.988,2026-05-14 20:50:49
inception_v3_advanced,swin_t_adv_passive,FFGSM,500,494,13,0.02631578947368421,0.988,2026-05-14 20:50:51
inception_v3_advanced,densenet121_advanced,FGSM,500,464,71,0.15301724137931033,0.928,2026-05-14 20:51:25
inception_v3_advanced,efficientnet_b0_advanced,FGSM,500,485,63,0.12989690721649486,0.97,2026-05-14 20:51:26
inception_v3_advanced,mobilenet_v2_advanced,FGSM,500,476,75,0.15756302521008403,0.952,2026-05-14 20:51:26
inception_v3_advanced,resnet18_advanced,FGSM,500,478,63,0.13179916317991633,0.956,2026-05-14 20:51:27
inception_v3_advanced,swin_t_advanced,FGSM,500,454,72,0.15859030837004406,0.908,2026-05-14 20:51:28
inception_v3_advanced,densenet121_adv_passive,FGSM,500,490,11,0.022448979591836733,0.98,2026-05-14 20:51:29
inception_v3_advanced,efficientnet_b0_adv_passive,FGSM,500,498,11,0.02208835341365462,0.996,2026-05-14 20:51:29
inception_v3_advanced,inception_v3_adv_passive,FGSM,500,483,25,0.051759834368530024,0.966,2026-05-14 20:51:30
inception_v3_advanced,mobilenet_v2_adv_passive,FGSM,500,495,13,0.026262626262626262,0.99,2026-05-14 20:51:31
inception_v3_advanced,resnet18_adv_passive,FGSM,500,491,18,0.03665987780040733,0.982,2026-05-14 20:51:31
inception_v3_advanced,swin_t_adv_passive,FGSM,500,491,13,0.026476578411405296,0.982,2026-05-14 20:51:33
inception_v3_advanced,densenet121_advanced,GN,500,446,258,0.57847533632287,0.892,2026-05-14 20:52:06
inception_v3_advanced,efficientnet_b0_advanced,GN,500,461,336,0.7288503253796096,0.922,2026-05-14 20:52:06
inception_v3_advanced,mobilenet_v2_advanced,GN,500,472,282,0.597457627118644,0.944,2026-05-14 20:52:07
inception_v3_advanced,resnet18_advanced,GN,500,463,311,0.67170626349892,0.926,2026-05-14 20:52:07
inception_v3_advanced,swin_t_advanced,GN,500,417,290,0.6954436450839329,0.834,2026-05-14 20:52:08
inception_v3_advanced,densenet121_adv_passive,GN,500,484,51,0.10537190082644628,0.968,2026-05-14 20:52:09
inception_v3_advanced,efficientnet_b0_adv_passive,GN,500,497,306,0.6156941649899397,0.994,2026-05-14 20:52:10
inception_v3_advanced,inception_v3_adv_passive,GN,500,475,49,0.1031578947368421,0.95,2026-05-14 20:52:10
inception_v3_advanced,mobilenet_v2_adv_passive,GN,500,489,89,0.18200408997955012,0.978,2026-05-14 20:52:11
inception_v3_advanced,resnet18_adv_passive,GN,500,483,40,0.08281573498964803,0.966,2026-05-14 20:52:11
inception_v3_advanced,swin_t_adv_passive,GN,500,486,60,0.12345679012345678,0.972,2026-05-14 20:52:12
inception_v3_advanced,densenet121_advanced,Jitter,500,470,14,0.029787234042553193,0.94,2026-05-14 20:56:11
inception_v3_advanced,efficientnet_b0_advanced,Jitter,500,479,37,0.07724425887265135,0.958,2026-05-14 20:56:11
inception_v3_advanced,mobilenet_v2_advanced,Jitter,500,481,31,0.06444906444906445,0.962,2026-05-14 20:56:12
inception_v3_advanced,resnet18_advanced,Jitter,500,482,17,0.035269709543568464,0.964,2026-05-14 20:56:12
inception_v3_advanced,swin_t_advanced,Jitter,500,449,14,0.031180400890868598,0.898,2026-05-14 20:56:13
inception_v3_advanced,densenet121_adv_passive,Jitter,500,486,3,0.006172839506172839,0.972,2026-05-14 20:56:14
inception_v3_advanced,efficientnet_b0_adv_passive,Jitter,500,498,4,0.008032128514056224,0.996,2026-05-14 20:56:15
inception_v3_advanced,inception_v3_adv_passive,Jitter,500,489,9,0.018404907975460124,0.978,2026-05-14 20:56:16
inception_v3_advanced,mobilenet_v2_adv_passive,Jitter,500,498,7,0.014056224899598393,0.996,2026-05-14 20:56:16
inception_v3_advanced,resnet18_adv_passive,Jitter,500,486,2,0.00411522633744856,0.972,2026-05-14 20:56:17
inception_v3_advanced,swin_t_adv_passive,Jitter,500,494,9,0.018218623481781375,0.988,2026-05-14 20:56:18
inception_v3_advanced,densenet121_advanced,MIFGSM,500,474,55,0.1160337552742616,0.948,2026-05-14 20:59:42
inception_v3_advanced,efficientnet_b0_advanced,MIFGSM,500,490,52,0.10612244897959183,0.98,2026-05-14 20:59:43
inception_v3_advanced,mobilenet_v2_advanced,MIFGSM,500,486,80,0.1646090534979424,0.972,2026-05-14 20:59:43
inception_v3_advanced,resnet18_advanced,MIFGSM,500,481,65,0.13513513513513514,0.962,2026-05-14 20:59:44
inception_v3_advanced,swin_t_advanced,MIFGSM,500,462,38,0.08225108225108226,0.924,2026-05-14 20:59:45
inception_v3_advanced,densenet121_adv_passive,MIFGSM,500,496,9,0.018145161290322582,0.992,2026-05-14 20:59:46
inception_v3_advanced,efficientnet_b0_adv_passive,MIFGSM,500,500,7,0.014,1.0,2026-05-14 20:59:46
inception_v3_advanced,inception_v3_adv_passive,MIFGSM,500,490,23,0.04693877551020408,0.98,2026-05-14 20:59:47
inception_v3_advanced,mobilenet_v2_adv_passive,MIFGSM,500,498,10,0.020080321285140562,0.996,2026-05-14 20:59:48
inception_v3_advanced,resnet18_adv_passive,MIFGSM,500,491,10,0.020366598778004074,0.982,2026-05-14 20:59:48
inception_v3_advanced,swin_t_adv_passive,MIFGSM,500,494,11,0.022267206477732792,0.988,2026-05-14 20:59:49
inception_v3_advanced,densenet121_advanced,NIFGSM,500,468,52,0.1111111111111111,0.936,2026-05-14 21:03:15
inception_v3_advanced,efficientnet_b0_advanced,NIFGSM,500,492,59,0.11991869918699187,0.984,2026-05-14 21:03:15
inception_v3_advanced,mobilenet_v2_advanced,NIFGSM,500,485,81,0.1670103092783505,0.97,2026-05-14 21:03:16
inception_v3_advanced,resnet18_advanced,NIFGSM,500,481,74,0.15384615384615385,0.962,2026-05-14 21:03:16
inception_v3_advanced,swin_t_advanced,NIFGSM,500,456,52,0.11403508771929824,0.912,2026-05-14 21:03:18
inception_v3_advanced,densenet121_adv_passive,NIFGSM,500,489,17,0.034764826175869123,0.978,2026-05-14 21:03:19
inception_v3_advanced,efficientnet_b0_adv_passive,NIFGSM,500,499,9,0.018036072144288578,0.998,2026-05-14 21:03:19
inception_v3_advanced,inception_v3_adv_passive,NIFGSM,500,491,31,0.06313645621181263,0.982,2026-05-14 21:03:20
inception_v3_advanced,mobilenet_v2_adv_passive,NIFGSM,500,495,22,0.044444444444444446,0.99,2026-05-14 21:03:20
inception_v3_advanced,resnet18_adv_passive,NIFGSM,500,490,15,0.030612244897959183,0.98,2026-05-14 21:03:21
inception_v3_advanced,swin_t_adv_passive,NIFGSM,500,489,11,0.022494887525562373,0.978,2026-05-14 21:03:22
inception_v3_advanced,densenet121_advanced,PGD,500,474,21,0.04430379746835443,0.948,2026-05-14 21:06:45
inception_v3_advanced,efficientnet_b0_advanced,PGD,500,487,30,0.061601642710472276,0.974,2026-05-14 21:06:46
inception_v3_advanced,mobilenet_v2_advanced,PGD,500,491,45,0.09164969450101833,0.982,2026-05-14 21:06:46
inception_v3_advanced,resnet18_advanced,PGD,500,482,39,0.08091286307053942,0.964,2026-05-14 21:06:47
inception_v3_advanced,swin_t_advanced,PGD,500,456,22,0.04824561403508772,0.912,2026-05-14 21:06:48
inception_v3_advanced,densenet121_adv_passive,PGD,500,496,9,0.018145161290322582,0.992,2026-05-14 21:06:49
inception_v3_advanced,efficientnet_b0_adv_passive,PGD,500,499,6,0.012024048096192385,0.998,2026-05-14 21:06:49
inception_v3_advanced,inception_v3_adv_passive,PGD,500,494,22,0.044534412955465584,0.988,2026-05-14 21:06:50
inception_v3_advanced,mobilenet_v2_adv_passive,PGD,500,499,11,0.022044088176352707,0.998,2026-05-14 21:06:50
inception_v3_advanced,resnet18_adv_passive,PGD,500,497,8,0.01609657947686117,0.994,2026-05-14 21:06:51
inception_v3_advanced,swin_t_adv_passive,PGD,500,498,4,0.008032128514056224,0.996,2026-05-14 21:06:52
inception_v3_advanced,densenet121_advanced,PGDL2,500,476,6,0.012605042016806723,0.952,2026-05-14 21:10:24
inception_v3_advanced,efficientnet_b0_advanced,PGDL2,500,490,7,0.014285714285714285,0.98,2026-05-14 21:10:24
inception_v3_advanced,mobilenet_v2_advanced,PGDL2,500,482,11,0.022821576763485476,0.964,2026-05-14 21:10:25
inception_v3_advanced,resnet18_advanced,PGDL2,500,482,6,0.012448132780082987,0.964,2026-05-14 21:10:25
inception_v3_advanced,swin_t_advanced,PGDL2,500,457,3,0.006564551422319475,0.914,2026-05-14 21:10:26
inception_v3_advanced,densenet121_adv_passive,PGDL2,500,487,0,0.0,0.974,2026-05-14 21:10:27
inception_v3_advanced,efficientnet_b0_adv_passive,PGDL2,500,497,1,0.002012072434607646,0.994,2026-05-14 21:10:28
inception_v3_advanced,inception_v3_adv_passive,PGDL2,500,488,4,0.00819672131147541,0.976,2026-05-14 21:10:28
inception_v3_advanced,mobilenet_v2_adv_passive,PGDL2,500,497,2,0.004024144869215292,0.994,2026-05-14 21:10:29
inception_v3_advanced,resnet18_adv_passive,PGDL2,500,494,2,0.004048582995951417,0.988,2026-05-14 21:10:29
inception_v3_advanced,swin_t_adv_passive,PGDL2,500,490,1,0.0020408163265306124,0.98,2026-05-14 21:10:31
inception_v3_advanced,densenet121_advanced,PGDRS,500,471,49,0.1040339702760085,0.942,2026-05-14 21:17:10
inception_v3_advanced,efficientnet_b0_advanced,PGDRS,500,485,39,0.08041237113402062,0.97,2026-05-14 21:17:10
inception_v3_advanced,mobilenet_v2_advanced,PGDRS,500,486,67,0.13786008230452676,0.972,2026-05-14 21:17:11
inception_v3_advanced,resnet18_advanced,PGDRS,500,477,54,0.11320754716981132,0.954,2026-05-14 21:17:11
inception_v3_advanced,swin_t_advanced,PGDRS,500,449,30,0.066815144766147,0.898,2026-05-14 21:17:12
inception_v3_advanced,densenet121_adv_passive,PGDRS,500,496,20,0.04032258064516129,0.992,2026-05-14 21:17:13
inception_v3_advanced,efficientnet_b0_adv_passive,PGDRS,500,497,7,0.014084507042253521,0.994,2026-05-14 21:17:14
inception_v3_advanced,inception_v3_adv_passive,PGDRS,500,484,16,0.03305785123966942,0.968,2026-05-14 21:17:14
inception_v3_advanced,mobilenet_v2_adv_passive,PGDRS,500,493,8,0.016227180527383367,0.986,2026-05-14 21:17:15
inception_v3_advanced,resnet18_adv_passive,PGDRS,500,492,11,0.022357723577235773,0.984,2026-05-14 21:17:15
inception_v3_advanced,swin_t_adv_passive,PGDRS,500,495,9,0.01818181818181818,0.99,2026-05-14 21:17:16
inception_v3_advanced,densenet121_advanced,PGDRSL2,500,469,10,0.021321961620469083,0.938,2026-05-14 21:24:01
inception_v3_advanced,efficientnet_b0_advanced,PGDRSL2,500,480,4,0.008333333333333333,0.96,2026-05-14 21:24:02
inception_v3_advanced,mobilenet_v2_advanced,PGDRSL2,500,482,16,0.03319502074688797,0.964,2026-05-14 21:24:02
inception_v3_advanced,resnet18_advanced,PGDRSL2,500,478,7,0.014644351464435146,0.956,2026-05-14 21:24:03
inception_v3_advanced,swin_t_advanced,PGDRSL2,500,440,4,0.00909090909090909,0.88,2026-05-14 21:24:04
inception_v3_advanced,densenet121_adv_passive,PGDRSL2,500,492,3,0.006097560975609756,0.984,2026-05-14 21:24:05
inception_v3_advanced,efficientnet_b0_adv_passive,PGDRSL2,500,499,1,0.002004008016032064,0.998,2026-05-14 21:24:05
inception_v3_advanced,inception_v3_adv_passive,PGDRSL2,500,489,0,0.0,0.978,2026-05-14 21:24:06
inception_v3_advanced,mobilenet_v2_adv_passive,PGDRSL2,500,495,2,0.00404040404040404,0.99,2026-05-14 21:24:07
inception_v3_advanced,resnet18_adv_passive,PGDRSL2,500,493,2,0.004056795131845842,0.986,2026-05-14 21:24:07
inception_v3_advanced,swin_t_adv_passive,PGDRSL2,500,495,3,0.006060606060606061,0.99,2026-05-14 21:24:08
inception_v3_advanced,densenet121_advanced,RFGSM,500,469,31,0.06609808102345416,0.938,2026-05-14 21:27:32
inception_v3_advanced,efficientnet_b0_advanced,RFGSM,500,490,38,0.07755102040816327,0.98,2026-05-14 21:27:33
inception_v3_advanced,mobilenet_v2_advanced,RFGSM,500,486,60,0.12345679012345678,0.972,2026-05-14 21:27:33
inception_v3_advanced,resnet18_advanced,RFGSM,500,479,33,0.06889352818371608,0.958,2026-05-14 21:27:34
inception_v3_advanced,swin_t_advanced,RFGSM,500,450,12,0.02666666666666667,0.9,2026-05-14 21:27:35
inception_v3_advanced,densenet121_adv_passive,RFGSM,500,489,9,0.018404907975460124,0.978,2026-05-14 21:27:36
inception_v3_advanced,efficientnet_b0_adv_passive,RFGSM,500,498,6,0.012048192771084338,0.996,2026-05-14 21:27:36
inception_v3_advanced,inception_v3_adv_passive,RFGSM,500,490,14,0.02857142857142857,0.98,2026-05-14 21:27:37
inception_v3_advanced,mobilenet_v2_adv_passive,RFGSM,500,498,14,0.028112449799196786,0.996,2026-05-14 21:27:38
inception_v3_advanced,resnet18_adv_passive,RFGSM,500,493,10,0.02028397565922921,0.986,2026-05-14 21:27:38
inception_v3_advanced,swin_t_adv_passive,RFGSM,500,497,6,0.012072434607645875,0.994,2026-05-14 21:27:39
inception_v3_advanced,densenet121_advanced,SINIFGSM,500,473,72,0.1522198731501057,0.946,2026-05-14 21:44:16
inception_v3_advanced,efficientnet_b0_advanced,SINIFGSM,500,488,81,0.16598360655737704,0.976,2026-05-14 21:44:16
inception_v3_advanced,mobilenet_v2_advanced,SINIFGSM,500,487,96,0.1971252566735113,0.974,2026-05-14 21:44:17
inception_v3_advanced,resnet18_advanced,SINIFGSM,500,483,77,0.15942028985507245,0.966,2026-05-14 21:44:17
inception_v3_advanced,swin_t_advanced,SINIFGSM,500,454,39,0.08590308370044053,0.908,2026-05-14 21:44:18
inception_v3_advanced,densenet121_adv_passive,SINIFGSM,500,493,15,0.030425963488843813,0.986,2026-05-14 21:44:19
inception_v3_advanced,efficientnet_b0_adv_passive,SINIFGSM,500,499,4,0.008016032064128256,0.998,2026-05-14 21:44:20
inception_v3_advanced,inception_v3_adv_passive,SINIFGSM,500,485,23,0.04742268041237113,0.97,2026-05-14 21:44:21
inception_v3_advanced,mobilenet_v2_adv_passive,SINIFGSM,500,496,18,0.036290322580645164,0.992,2026-05-14 21:44:21
inception_v3_advanced,resnet18_adv_passive,SINIFGSM,500,496,20,0.04032258064516129,0.992,2026-05-14 21:44:21
inception_v3_advanced,swin_t_adv_passive,SINIFGSM,500,491,14,0.028513238289205704,0.982,2026-05-14 21:44:23
inception_v3_advanced,densenet121_advanced,SPSA,500,456,18,0.039473684210526314,0.912,2026-05-14 21:57:40
inception_v3_advanced,efficientnet_b0_advanced,SPSA,500,478,33,0.06903765690376569,0.956,2026-05-14 21:57:41
inception_v3_advanced,mobilenet_v2_advanced,SPSA,500,469,27,0.057569296375266525,0.938,2026-05-14 21:57:41
inception_v3_advanced,resnet18_advanced,SPSA,500,468,18,0.038461538461538464,0.936,2026-05-14 21:57:42
inception_v3_advanced,swin_t_advanced,SPSA,500,428,19,0.04439252336448598,0.856,2026-05-14 21:57:43
inception_v3_advanced,densenet121_adv_passive,SPSA,500,490,2,0.004081632653061225,0.98,2026-05-14 21:57:44
inception_v3_advanced,efficientnet_b0_adv_passive,SPSA,500,498,1,0.002008032128514056,0.996,2026-05-14 21:57:44
inception_v3_advanced,inception_v3_adv_passive,SPSA,500,485,7,0.01443298969072165,0.97,2026-05-14 21:57:45
inception_v3_advanced,mobilenet_v2_adv_passive,SPSA,500,494,10,0.020242914979757085,0.988,2026-05-14 21:57:46
inception_v3_advanced,resnet18_adv_passive,SPSA,500,488,4,0.00819672131147541,0.976,2026-05-14 21:57:46
inception_v3_advanced,swin_t_adv_passive,SPSA,500,493,4,0.008113590263691683,0.986,2026-05-14 21:57:47
inception_v3_advanced,densenet121_advanced,TIFGSM,500,477,73,0.1530398322851153,0.954,2026-05-14 22:01:15
inception_v3_advanced,efficientnet_b0_advanced,TIFGSM,500,487,25,0.0513347022587269,0.974,2026-05-14 22:01:16
inception_v3_advanced,mobilenet_v2_advanced,TIFGSM,500,487,33,0.06776180698151951,0.974,2026-05-14 22:01:16
inception_v3_advanced,resnet18_advanced,TIFGSM,500,479,39,0.081419624217119,0.958,2026-05-14 22:01:17
inception_v3_advanced,swin_t_advanced,TIFGSM,500,459,34,0.07407407407407407,0.918,2026-05-14 22:01:18
inception_v3_advanced,densenet121_adv_passive,TIFGSM,500,489,7,0.014314928425357873,0.978,2026-05-14 22:01:19
inception_v3_advanced,efficientnet_b0_adv_passive,TIFGSM,500,498,2,0.004016064257028112,0.996,2026-05-14 22:01:19
inception_v3_advanced,inception_v3_adv_passive,TIFGSM,500,488,12,0.02459016393442623,0.976,2026-05-14 22:01:20
inception_v3_advanced,mobilenet_v2_adv_passive,TIFGSM,500,498,6,0.012048192771084338,0.996,2026-05-14 22:01:21
inception_v3_advanced,resnet18_adv_passive,TIFGSM,500,491,9,0.018329938900203666,0.982,2026-05-14 22:01:21
inception_v3_advanced,swin_t_adv_passive,TIFGSM,500,495,6,0.012121212121212121,0.99,2026-05-14 22:01:22
inception_v3_advanced,densenet121_advanced,TPGD,500,480,29,0.06041666666666667,0.96,2026-05-14 22:08:06
inception_v3_advanced,efficientnet_b0_advanced,TPGD,500,489,34,0.06952965235173825,0.978,2026-05-14 22:08:07
inception_v3_advanced,mobilenet_v2_advanced,TPGD,500,490,58,0.11836734693877551,0.98,2026-05-14 22:08:07
inception_v3_advanced,resnet18_advanced,TPGD,500,477,34,0.07127882599580712,0.954,2026-05-14 22:08:08
inception_v3_advanced,swin_t_advanced,TPGD,500,451,25,0.05543237250554324,0.902,2026-05-14 22:08:09
inception_v3_advanced,densenet121_adv_passive,TPGD,500,490,5,0.01020408163265306,0.98,2026-05-14 22:08:10
inception_v3_advanced,efficientnet_b0_adv_passive,TPGD,500,496,4,0.008064516129032258,0.992,2026-05-14 22:08:11
inception_v3_advanced,inception_v3_adv_passive,TPGD,500,488,18,0.036885245901639344,0.976,2026-05-14 22:08:11
inception_v3_advanced,mobilenet_v2_adv_passive,TPGD,500,496,10,0.020161290322580645,0.992,2026-05-14 22:08:12
inception_v3_advanced,resnet18_adv_passive,TPGD,500,490,6,0.012244897959183673,0.98,2026-05-14 22:08:12
inception_v3_advanced,swin_t_adv_passive,TPGD,500,491,4,0.008146639511201629,0.982,2026-05-14 22:08:13
inception_v3_advanced,densenet121_advanced,UPGD,500,469,53,0.11300639658848614,0.938,2026-05-14 22:11:39
inception_v3_advanced,efficientnet_b0_advanced,UPGD,500,488,62,0.12704918032786885,0.976,2026-05-14 22:11:39
inception_v3_advanced,mobilenet_v2_advanced,UPGD,500,480,64,0.13333333333333333,0.96,2026-05-14 22:11:40
inception_v3_advanced,resnet18_advanced,UPGD,500,469,64,0.13646055437100213,0.938,2026-05-14 22:11:40
inception_v3_advanced,swin_t_advanced,UPGD,500,446,34,0.07623318385650224,0.892,2026-05-14 22:11:42
inception_v3_advanced,densenet121_adv_passive,UPGD,500,490,15,0.030612244897959183,0.98,2026-05-14 22:11:43
inception_v3_advanced,efficientnet_b0_adv_passive,UPGD,500,498,8,0.01606425702811245,0.996,2026-05-14 22:11:43
inception_v3_advanced,inception_v3_adv_passive,UPGD,500,485,33,0.06804123711340206,0.97,2026-05-14 22:11:44
inception_v3_advanced,mobilenet_v2_adv_passive,UPGD,500,495,16,0.03232323232323232,0.99,2026-05-14 22:11:44
inception_v3_advanced,resnet18_adv_passive,UPGD,500,490,12,0.024489795918367346,0.98,2026-05-14 22:11:45
inception_v3_advanced,swin_t_adv_passive,UPGD,500,489,11,0.022494887525562373,0.978,2026-05-14 22:11:46
inception_v3_advanced,densenet121_advanced,VMIFGSM,500,472,70,0.1483050847457627,0.944,2026-05-14 22:31:39
inception_v3_advanced,efficientnet_b0_advanced,VMIFGSM,500,490,85,0.17346938775510204,0.98,2026-05-14 22:31:40
inception_v3_advanced,mobilenet_v2_advanced,VMIFGSM,500,489,96,0.19631901840490798,0.978,2026-05-14 22:31:40
inception_v3_advanced,resnet18_advanced,VMIFGSM,500,480,83,0.17291666666666666,0.96,2026-05-14 22:31:41
inception_v3_advanced,swin_t_advanced,VMIFGSM,500,447,50,0.11185682326621924,0.894,2026-05-14 22:31:42
inception_v3_advanced,densenet121_adv_passive,VMIFGSM,500,490,11,0.022448979591836733,0.98,2026-05-14 22:31:43
inception_v3_advanced,efficientnet_b0_adv_passive,VMIFGSM,500,499,7,0.014028056112224449,0.998,2026-05-14 22:31:43
inception_v3_advanced,inception_v3_adv_passive,VMIFGSM,500,489,39,0.07975460122699386,0.978,2026-05-14 22:31:44
inception_v3_advanced,mobilenet_v2_adv_passive,VMIFGSM,500,497,16,0.03219315895372234,0.994,2026-05-14 22:31:45
inception_v3_advanced,resnet18_adv_passive,VMIFGSM,500,495,20,0.04040404040404041,0.99,2026-05-14 22:31:45
inception_v3_advanced,swin_t_adv_passive,VMIFGSM,500,494,17,0.03441295546558704,0.988,2026-05-14 22:31:46
inception_v3_advanced,densenet121_advanced,VNIFGSM,500,477,80,0.16771488469601678,0.954,2026-05-14 22:50:22
inception_v3_advanced,efficientnet_b0_advanced,VNIFGSM,500,490,76,0.15510204081632653,0.98,2026-05-14 22:50:23
inception_v3_advanced,mobilenet_v2_advanced,VNIFGSM,500,487,88,0.1806981519507187,0.974,2026-05-14 22:50:23
inception_v3_advanced,resnet18_advanced,VNIFGSM,500,485,101,0.20824742268041238,0.97,2026-05-14 22:50:23
inception_v3_advanced,swin_t_advanced,VNIFGSM,500,458,63,0.13755458515283842,0.916,2026-05-14 22:50:25
inception_v3_advanced,densenet121_adv_passive,VNIFGSM,500,494,22,0.044534412955465584,0.988,2026-05-14 22:50:26
inception_v3_advanced,efficientnet_b0_adv_passive,VNIFGSM,500,499,7,0.014028056112224449,0.998,2026-05-14 22:50:26
inception_v3_advanced,inception_v3_adv_passive,VNIFGSM,500,494,39,0.07894736842105263,0.988,2026-05-14 22:50:27
inception_v3_advanced,mobilenet_v2_adv_passive,VNIFGSM,500,496,20,0.04032258064516129,0.992,2026-05-14 22:50:27
inception_v3_advanced,resnet18_adv_passive,VNIFGSM,500,494,12,0.024291497975708502,0.988,2026-05-14 22:50:28
inception_v3_advanced,swin_t_adv_passive,VNIFGSM,500,495,18,0.03636363636363636,0.99,2026-05-14 22:50:29
inception_v3_advanced,densenet121_advanced,OnePixel,53,39,0,0.0,0.7358490566037735,2026-05-14 23:15:12
inception_v3_advanced,efficientnet_b0_advanced,OnePixel,53,44,0,0.0,0.8301886792452831,2026-05-14 23:15:13
inception_v3_advanced,mobilenet_v2_advanced,OnePixel,53,41,1,0.024390243902439025,0.7735849056603774,2026-05-14 23:15:13
inception_v3_advanced,resnet18_advanced,OnePixel,53,34,1,0.029411764705882353,0.6415094339622641,2026-05-14 23:15:14
inception_v3_advanced,swin_t_advanced,OnePixel,53,26,0,0.0,0.49056603773584906,2026-05-14 23:15:14
inception_v3_advanced,densenet121_adv_passive,OnePixel,53,45,0,0.0,0.8490566037735849,2026-05-14 23:15:15
inception_v3_advanced,efficientnet_b0_adv_passive,OnePixel,53,50,0,0.0,0.9433962264150944,2026-05-14 23:15:15
inception_v3_advanced,inception_v3_adv_passive,OnePixel,53,45,1,0.022222222222222223,0.8490566037735849,2026-05-14 23:15:16
inception_v3_advanced,mobilenet_v2_adv_passive,OnePixel,53,48,0,0.0,0.9056603773584906,2026-05-14 23:15:16
inception_v3_advanced,resnet18_adv_passive,OnePixel,53,44,0,0.0,0.8301886792452831,2026-05-14 23:15:16
inception_v3_advanced,swin_t_adv_passive,OnePixel,53,50,0,0.0,0.9433962264150944,2026-05-14 23:15:17
inception_v3_advanced,densenet121_advanced,Pixle,500,445,135,0.30337078651685395,0.89,2026-05-15 01:15:01
inception_v3_advanced,efficientnet_b0_advanced,Pixle,500,459,12,0.026143790849673203,0.918,2026-05-15 01:15:01
inception_v3_advanced,mobilenet_v2_advanced,Pixle,500,461,69,0.14967462039045554,0.922,2026-05-15 01:15:02
inception_v3_advanced,resnet18_advanced,Pixle,500,448,138,0.3080357142857143,0.896,2026-05-15 01:15:02
inception_v3_advanced,swin_t_advanced,Pixle,500,414,24,0.057971014492753624,0.828,2026-05-15 01:15:03
inception_v3_advanced,densenet121_adv_passive,Pixle,500,487,6,0.012320328542094456,0.974,2026-05-15 01:15:04
inception_v3_advanced,efficientnet_b0_adv_passive,Pixle,500,496,0,0.0,0.992,2026-05-15 01:15:05
inception_v3_advanced,inception_v3_adv_passive,Pixle,500,471,6,0.012738853503184714,0.942,2026-05-15 01:15:06
inception_v3_advanced,mobilenet_v2_adv_passive,Pixle,500,489,4,0.0081799591002045,0.978,2026-05-15 01:15:06
inception_v3_advanced,resnet18_adv_passive,Pixle,500,480,10,0.020833333333333332,0.96,2026-05-15 01:15:06
inception_v3_advanced,swin_t_adv_passive,Pixle,500,484,0,0.0,0.968,2026-05-15 01:15:08
inception_v3_advanced,densenet121_advanced,Square,500,470,28,0.059574468085106386,0.94,2026-05-15 02:46:04
inception_v3_advanced,efficientnet_b0_advanced,Square,500,486,50,0.102880658436214,0.972,2026-05-15 02:46:05
inception_v3_advanced,mobilenet_v2_advanced,Square,500,487,46,0.0944558521560575,0.974,2026-05-15 02:46:05
inception_v3_advanced,resnet18_advanced,Square,500,480,20,0.041666666666666664,0.96,2026-05-15 02:46:06
inception_v3_advanced,swin_t_advanced,Square,500,434,46,0.10599078341013825,0.868,2026-05-15 02:46:07
inception_v3_advanced,densenet121_adv_passive,Square,500,486,10,0.0205761316872428,0.972,2026-05-15 02:46:08
inception_v3_advanced,efficientnet_b0_adv_passive,Square,500,500,5,0.01,1.0,2026-05-15 02:46:08
inception_v3_advanced,inception_v3_adv_passive,Square,500,490,13,0.026530612244897958,0.98,2026-05-15 02:46:09
inception_v3_advanced,mobilenet_v2_adv_passive,Square,500,498,6,0.012048192771084338,0.996,2026-05-15 02:46:09
inception_v3_advanced,resnet18_adv_passive,Square,500,491,7,0.014256619144602852,0.982,2026-05-15 02:46:10
inception_v3_advanced,swin_t_adv_passive,Square,500,487,6,0.012320328542094456,0.974,2026-05-15 02:46:11
mobilenet_v2_advanced,densenet121_advanced,APGD,500,467,11,0.023554603854389723,0.934,2026-05-15 02:48:12
mobilenet_v2_advanced,efficientnet_b0_advanced,APGD,500,483,51,0.10559006211180125,0.966,2026-05-15 02:48:13
mobilenet_v2_advanced,inception_v3_advanced,APGD,500,476,33,0.06932773109243698,0.952,2026-05-15 02:48:14
mobilenet_v2_advanced,resnet18_advanced,APGD,500,474,17,0.035864978902953586,0.948,2026-05-15 02:48:14
mobilenet_v2_advanced,swin_t_advanced,APGD,500,447,25,0.05592841163310962,0.894,2026-05-15 02:48:16
mobilenet_v2_advanced,densenet121_adv_passive,APGD,500,494,6,0.012145748987854251,0.988,2026-05-15 02:48:17
mobilenet_v2_advanced,efficientnet_b0_adv_passive,APGD,500,498,3,0.006024096385542169,0.996,2026-05-15 02:48:17
mobilenet_v2_advanced,inception_v3_adv_passive,APGD,500,487,5,0.01026694045174538,0.974,2026-05-15 02:48:18
mobilenet_v2_advanced,mobilenet_v2_adv_passive,APGD,500,494,132,0.26720647773279355,0.988,2026-05-15 02:48:18
mobilenet_v2_advanced,resnet18_adv_passive,APGD,500,493,6,0.012170385395537525,0.986,2026-05-15 02:48:19
mobilenet_v2_advanced,swin_t_adv_passive,APGD,500,492,7,0.014227642276422764,0.984,2026-05-15 02:48:20
mobilenet_v2_advanced,densenet121_advanced,APGDT,500,471,15,0.03184713375796178,0.942,2026-05-15 02:50:34
mobilenet_v2_advanced,efficientnet_b0_advanced,APGDT,500,486,46,0.09465020576131687,0.972,2026-05-15 02:50:35
mobilenet_v2_advanced,inception_v3_advanced,APGDT,500,483,29,0.060041407867494824,0.966,2026-05-15 02:50:35
mobilenet_v2_advanced,resnet18_advanced,APGDT,500,478,12,0.02510460251046025,0.956,2026-05-15 02:50:36
mobilenet_v2_advanced,swin_t_advanced,APGDT,500,449,24,0.053452115812917596,0.898,2026-05-15 02:50:37
mobilenet_v2_advanced,densenet121_adv_passive,APGDT,500,491,6,0.012219959266802444,0.982,2026-05-15 02:50:38
mobilenet_v2_advanced,efficientnet_b0_adv_passive,APGDT,500,496,2,0.004032258064516129,0.992,2026-05-15 02:50:39
mobilenet_v2_advanced,inception_v3_adv_passive,APGDT,500,486,6,0.012345679012345678,0.972,2026-05-15 02:50:39
mobilenet_v2_advanced,mobilenet_v2_adv_passive,APGDT,500,496,82,0.16532258064516128,0.992,2026-05-15 02:50:40
mobilenet_v2_advanced,resnet18_adv_passive,APGDT,500,490,4,0.00816326530612245,0.98,2026-05-15 02:50:40
mobilenet_v2_advanced,swin_t_adv_passive,APGDT,500,492,8,0.016260162601626018,0.984,2026-05-15 02:50:41
mobilenet_v2_advanced,densenet121_advanced,BIM,500,471,17,0.036093418259023353,0.942,2026-05-15 02:52:17
mobilenet_v2_advanced,efficientnet_b0_advanced,BIM,500,486,37,0.07613168724279835,0.972,2026-05-15 02:52:17
mobilenet_v2_advanced,inception_v3_advanced,BIM,500,483,27,0.055900621118012424,0.966,2026-05-15 02:52:18
mobilenet_v2_advanced,resnet18_advanced,BIM,500,478,13,0.027196652719665274,0.956,2026-05-15 02:52:19
mobilenet_v2_advanced,swin_t_advanced,BIM,500,449,19,0.042316258351893093,0.898,2026-05-15 02:52:20
mobilenet_v2_advanced,densenet121_adv_passive,BIM,500,491,5,0.010183299389002037,0.982,2026-05-15 02:52:21
mobilenet_v2_advanced,efficientnet_b0_adv_passive,BIM,500,496,3,0.006048387096774193,0.992,2026-05-15 02:52:21
mobilenet_v2_advanced,inception_v3_adv_passive,BIM,500,486,4,0.00823045267489712,0.972,2026-05-15 02:52:22
mobilenet_v2_advanced,mobilenet_v2_adv_passive,BIM,500,496,206,0.4153225806451613,0.992,2026-05-15 02:52:22
mobilenet_v2_advanced,resnet18_adv_passive,BIM,500,490,2,0.004081632653061225,0.98,2026-05-15 02:52:23
mobilenet_v2_advanced,swin_t_adv_passive,BIM,500,492,8,0.016260162601626018,0.984,2026-05-15 02:52:24
mobilenet_v2_advanced,densenet121_advanced,CW,500,471,2,0.004246284501061571,0.942,2026-05-15 02:55:45
mobilenet_v2_advanced,efficientnet_b0_advanced,CW,500,484,3,0.006198347107438017,0.968,2026-05-15 02:55:45
mobilenet_v2_advanced,inception_v3_advanced,CW,500,480,1,0.0020833333333333333,0.96,2026-05-15 02:55:46
mobilenet_v2_advanced,resnet18_advanced,CW,500,479,0,0.0,0.958,2026-05-15 02:55:47
mobilenet_v2_advanced,swin_t_advanced,CW,500,447,0,0.0,0.894,2026-05-15 02:55:48
mobilenet_v2_advanced,densenet121_adv_passive,CW,500,494,0,0.0,0.988,2026-05-15 02:55:49
mobilenet_v2_advanced,efficientnet_b0_adv_passive,CW,500,496,0,0.0,0.992,2026-05-15 02:55:49
mobilenet_v2_advanced,inception_v3_adv_passive,CW,500,488,0,0.0,0.976,2026-05-15 02:55:50
mobilenet_v2_advanced,mobilenet_v2_adv_passive,CW,500,495,15,0.030303030303030304,0.99,2026-05-15 02:55:50
mobilenet_v2_advanced,resnet18_adv_passive,CW,500,487,0,0.0,0.974,2026-05-15 02:55:51
mobilenet_v2_advanced,swin_t_adv_passive,CW,500,492,1,0.0020325203252032522,0.984,2026-05-15 02:55:52
mobilenet_v2_advanced,densenet121_advanced,DeepFool,500,471,0,0.0,0.942,2026-05-15 02:58:51
mobilenet_v2_advanced,efficientnet_b0_advanced,DeepFool,500,481,3,0.006237006237006237,0.962,2026-05-15 02:58:51
mobilenet_v2_advanced,inception_v3_advanced,DeepFool,500,480,0,0.0,0.96,2026-05-15 02:58:52
mobilenet_v2_advanced,resnet18_advanced,DeepFool,500,481,0,0.0,0.962,2026-05-15 02:58:53
mobilenet_v2_advanced,swin_t_advanced,DeepFool,500,453,0,0.0,0.906,2026-05-15 02:58:54
mobilenet_v2_advanced,densenet121_adv_passive,DeepFool,500,490,0,0.0,0.98,2026-05-15 02:58:55
mobilenet_v2_advanced,efficientnet_b0_adv_passive,DeepFool,500,497,0,0.0,0.994,2026-05-15 02:58:55
mobilenet_v2_advanced,inception_v3_adv_passive,DeepFool,500,489,0,0.0,0.978,2026-05-15 02:58:56
mobilenet_v2_advanced,mobilenet_v2_adv_passive,DeepFool,500,497,1,0.002012072434607646,0.994,2026-05-15 02:58:57
mobilenet_v2_advanced,resnet18_adv_passive,DeepFool,500,494,0,0.0,0.988,2026-05-15 02:58:57
mobilenet_v2_advanced,swin_t_adv_passive,DeepFool,500,488,0,0.0,0.976,2026-05-15 02:58:58
mobilenet_v2_advanced,densenet121_advanced,DIFGSM,500,474,32,0.06751054852320675,0.948,2026-05-15 03:00:33
mobilenet_v2_advanced,efficientnet_b0_advanced,DIFGSM,500,485,73,0.15051546391752577,0.97,2026-05-15 03:00:34
mobilenet_v2_advanced,inception_v3_advanced,DIFGSM,500,478,57,0.1192468619246862,0.956,2026-05-15 03:00:35
mobilenet_v2_advanced,resnet18_advanced,DIFGSM,500,475,27,0.056842105263157895,0.95,2026-05-15 03:00:35
mobilenet_v2_advanced,swin_t_advanced,DIFGSM,500,445,17,0.038202247191011236,0.89,2026-05-15 03:00:36
mobilenet_v2_advanced,densenet121_adv_passive,DIFGSM,500,491,16,0.032586558044806514,0.982,2026-05-15 03:00:37
mobilenet_v2_advanced,efficientnet_b0_adv_passive,DIFGSM,500,497,16,0.03219315895372234,0.994,2026-05-15 03:00:38
mobilenet_v2_advanced,inception_v3_adv_passive,DIFGSM,500,487,10,0.02053388090349076,0.974,2026-05-15 03:00:39
mobilenet_v2_advanced,mobilenet_v2_adv_passive,DIFGSM,500,491,210,0.42769857433808556,0.982,2026-05-15 03:00:39
mobilenet_v2_advanced,resnet18_adv_passive,DIFGSM,500,488,12,0.02459016393442623,0.976,2026-05-15 03:00:40
mobilenet_v2_advanced,swin_t_adv_passive,DIFGSM,500,491,12,0.024439918533604887,0.982,2026-05-15 03:00:41
mobilenet_v2_advanced,densenet121_advanced,EADEN,500,475,0,0.0,0.95,2026-05-15 03:23:19
mobilenet_v2_advanced,efficientnet_b0_advanced,EADEN,500,487,0,0.0,0.974,2026-05-15 03:23:20
mobilenet_v2_advanced,inception_v3_advanced,EADEN,500,482,1,0.002074688796680498,0.964,2026-05-15 03:23:21
mobilenet_v2_advanced,resnet18_advanced,EADEN,500,475,0,0.0,0.95,2026-05-15 03:23:21
mobilenet_v2_advanced,swin_t_advanced,EADEN,500,451,0,0.0,0.902,2026-05-15 03:23:22
mobilenet_v2_advanced,densenet121_adv_passive,EADEN,500,492,0,0.0,0.984,2026-05-15 03:23:23
mobilenet_v2_advanced,efficientnet_b0_adv_passive,EADEN,500,495,0,0.0,0.99,2026-05-15 03:23:24
mobilenet_v2_advanced,inception_v3_adv_passive,EADEN,500,489,1,0.002044989775051125,0.978,2026-05-15 03:23:25
mobilenet_v2_advanced,mobilenet_v2_adv_passive,EADEN,500,494,2,0.004048582995951417,0.988,2026-05-15 03:23:25
mobilenet_v2_advanced,resnet18_adv_passive,EADEN,500,487,0,0.0,0.974,2026-05-15 03:23:26
mobilenet_v2_advanced,swin_t_adv_passive,EADEN,500,490,0,0.0,0.98,2026-05-15 03:23:27
mobilenet_v2_advanced,densenet121_advanced,EADL1,500,466,0,0.0,0.932,2026-05-15 03:46:00
mobilenet_v2_advanced,efficientnet_b0_advanced,EADL1,500,487,3,0.006160164271047228,0.974,2026-05-15 03:46:01
mobilenet_v2_advanced,inception_v3_advanced,EADL1,500,484,0,0.0,0.968,2026-05-15 03:46:02
mobilenet_v2_advanced,resnet18_advanced,EADL1,500,473,0,0.0,0.946,2026-05-15 03:46:02
mobilenet_v2_advanced,swin_t_advanced,EADL1,500,440,2,0.004545454545454545,0.88,2026-05-15 03:46:03
mobilenet_v2_advanced,densenet121_adv_passive,EADL1,500,491,0,0.0,0.982,2026-05-15 03:46:04
mobilenet_v2_advanced,efficientnet_b0_adv_passive,EADL1,500,499,0,0.0,0.998,2026-05-15 03:46:05
mobilenet_v2_advanced,inception_v3_adv_passive,EADL1,500,489,1,0.002044989775051125,0.978,2026-05-15 03:46:06
mobilenet_v2_advanced,mobilenet_v2_adv_passive,EADL1,500,493,0,0.0,0.986,2026-05-15 03:46:06
mobilenet_v2_advanced,resnet18_adv_passive,EADL1,500,491,0,0.0,0.982,2026-05-15 03:46:06
mobilenet_v2_advanced,swin_t_adv_passive,EADL1,500,493,0,0.0,0.986,2026-05-15 03:46:08
mobilenet_v2_advanced,densenet121_advanced,EOTPGD,500,470,14,0.029787234042553193,0.94,2026-05-15 03:49:12
mobilenet_v2_advanced,efficientnet_b0_advanced,EOTPGD,500,482,34,0.07053941908713693,0.964,2026-05-15 03:49:12
mobilenet_v2_advanced,inception_v3_advanced,EOTPGD,500,478,28,0.058577405857740586,0.956,2026-05-15 03:49:13
mobilenet_v2_advanced,resnet18_advanced,EOTPGD,500,479,17,0.03549060542797495,0.958,2026-05-15 03:49:14
mobilenet_v2_advanced,swin_t_advanced,EOTPGD,500,446,14,0.03139013452914798,0.892,2026-05-15 03:49:15
mobilenet_v2_advanced,densenet121_adv_passive,EOTPGD,500,493,5,0.010141987829614604,0.986,2026-05-15 03:49:15
mobilenet_v2_advanced,efficientnet_b0_adv_passive,EOTPGD,500,496,5,0.010080645161290322,0.992,2026-05-15 03:49:16
mobilenet_v2_advanced,inception_v3_adv_passive,EOTPGD,500,490,4,0.00816326530612245,0.98,2026-05-15 03:49:17
mobilenet_v2_advanced,mobilenet_v2_adv_passive,EOTPGD,500,492,162,0.32926829268292684,0.984,2026-05-15 03:49:17
mobilenet_v2_advanced,resnet18_adv_passive,EOTPGD,500,487,6,0.012320328542094456,0.974,2026-05-15 03:49:18
mobilenet_v2_advanced,swin_t_adv_passive,EOTPGD,500,488,4,0.00819672131147541,0.976,2026-05-15 03:49:19
mobilenet_v2_advanced,densenet121_advanced,FAB,500,460,0,0.0,0.92,2026-05-15 03:57:38
mobilenet_v2_advanced,efficientnet_b0_advanced,FAB,500,477,0,0.0,0.954,2026-05-15 03:57:39
mobilenet_v2_advanced,inception_v3_advanced,FAB,500,471,1,0.0021231422505307855,0.942,2026-05-15 03:57:40
mobilenet_v2_advanced,resnet18_advanced,FAB,500,473,0,0.0,0.946,2026-05-15 03:57:40
mobilenet_v2_advanced,swin_t_advanced,FAB,500,458,0,0.0,0.916,2026-05-15 03:57:41
mobilenet_v2_advanced,densenet121_adv_passive,FAB,500,495,0,0.0,0.99,2026-05-15 03:57:42
mobilenet_v2_advanced,efficientnet_b0_adv_passive,FAB,500,497,0,0.0,0.994,2026-05-15 03:57:43
mobilenet_v2_advanced,inception_v3_adv_passive,FAB,500,488,0,0.0,0.976,2026-05-15 03:57:43
mobilenet_v2_advanced,mobilenet_v2_adv_passive,FAB,500,495,1,0.00202020202020202,0.99,2026-05-15 03:57:44
mobilenet_v2_advanced,resnet18_adv_passive,FAB,500,487,0,0.0,0.974,2026-05-15 03:57:44
mobilenet_v2_advanced,swin_t_adv_passive,FAB,500,489,0,0.0,0.978,2026-05-15 03:57:46
mobilenet_v2_advanced,densenet121_advanced,FFGSM,500,463,43,0.09287257019438445,0.926,2026-05-15 03:58:04
mobilenet_v2_advanced,efficientnet_b0_advanced,FFGSM,500,484,77,0.1590909090909091,0.968,2026-05-15 03:58:05
mobilenet_v2_advanced,inception_v3_advanced,FFGSM,500,485,62,0.12783505154639174,0.97,2026-05-15 03:58:05
mobilenet_v2_advanced,resnet18_advanced,FFGSM,500,475,34,0.07157894736842105,0.95,2026-05-15 03:58:06
mobilenet_v2_advanced,swin_t_advanced,FFGSM,500,443,44,0.09932279909706546,0.886,2026-05-15 03:58:07
mobilenet_v2_advanced,densenet121_adv_passive,FFGSM,500,492,9,0.018292682926829267,0.984,2026-05-15 03:58:08
mobilenet_v2_advanced,efficientnet_b0_adv_passive,FFGSM,500,496,10,0.020161290322580645,0.992,2026-05-15 03:58:08
mobilenet_v2_advanced,inception_v3_adv_passive,FFGSM,500,486,15,0.030864197530864196,0.972,2026-05-15 03:58:09
mobilenet_v2_advanced,mobilenet_v2_adv_passive,FFGSM,500,491,91,0.18533604887983707,0.982,2026-05-15 03:58:10
mobilenet_v2_advanced,resnet18_adv_passive,FFGSM,500,491,14,0.028513238289205704,0.982,2026-05-15 03:58:10
mobilenet_v2_advanced,swin_t_adv_passive,FFGSM,500,491,14,0.028513238289205704,0.982,2026-05-15 03:58:11
mobilenet_v2_advanced,densenet121_advanced,FGSM,500,468,41,0.0876068376068376,0.936,2026-05-15 03:58:31
mobilenet_v2_advanced,efficientnet_b0_advanced,FGSM,500,485,87,0.17938144329896907,0.97,2026-05-15 03:58:31
mobilenet_v2_advanced,inception_v3_advanced,FGSM,500,476,81,0.17016806722689076,0.952,2026-05-15 03:58:32
mobilenet_v2_advanced,resnet18_advanced,FGSM,500,472,33,0.06991525423728813,0.944,2026-05-15 03:58:33
mobilenet_v2_advanced,swin_t_advanced,FGSM,500,441,53,0.12018140589569161,0.882,2026-05-15 03:58:34
mobilenet_v2_advanced,densenet121_adv_passive,FGSM,500,493,19,0.038539553752535496,0.986,2026-05-15 03:58:35
mobilenet_v2_advanced,efficientnet_b0_adv_passive,FGSM,500,499,15,0.03006012024048096,0.998,2026-05-15 03:58:35
mobilenet_v2_advanced,inception_v3_adv_passive,FGSM,500,493,13,0.02636916835699797,0.986,2026-05-15 03:58:36
mobilenet_v2_advanced,mobilenet_v2_adv_passive,FGSM,500,492,93,0.18902439024390244,0.984,2026-05-15 03:58:36
mobilenet_v2_advanced,resnet18_adv_passive,FGSM,500,493,13,0.02636916835699797,0.986,2026-05-15 03:58:37
mobilenet_v2_advanced,swin_t_adv_passive,FGSM,500,494,18,0.03643724696356275,0.988,2026-05-15 03:58:38
mobilenet_v2_advanced,densenet121_advanced,GN,500,445,204,0.4584269662921348,0.89,2026-05-15 03:58:52
mobilenet_v2_advanced,efficientnet_b0_advanced,GN,500,462,314,0.6796536796536796,0.924,2026-05-15 03:58:53
mobilenet_v2_advanced,inception_v3_advanced,GN,500,465,232,0.4989247311827957,0.93,2026-05-15 03:58:54
mobilenet_v2_advanced,resnet18_advanced,GN,500,468,236,0.5042735042735043,0.936,2026-05-15 03:58:54
mobilenet_v2_advanced,swin_t_advanced,GN,500,429,203,0.4731934731934732,0.858,2026-05-15 03:58:55
mobilenet_v2_advanced,densenet121_adv_passive,GN,500,486,39,0.08024691358024691,0.972,2026-05-15 03:58:56
mobilenet_v2_advanced,efficientnet_b0_adv_passive,GN,500,494,308,0.6234817813765182,0.988,2026-05-15 03:58:57
mobilenet_v2_advanced,inception_v3_adv_passive,GN,500,485,50,0.10309278350515463,0.97,2026-05-15 03:58:58
mobilenet_v2_advanced,mobilenet_v2_adv_passive,GN,500,491,58,0.11812627291242363,0.982,2026-05-15 03:58:58
mobilenet_v2_advanced,resnet18_adv_passive,GN,500,484,31,0.0640495867768595,0.968,2026-05-15 03:58:58
mobilenet_v2_advanced,swin_t_adv_passive,GN,500,490,52,0.10612244897959183,0.98,2026-05-15 03:59:00
mobilenet_v2_advanced,densenet121_advanced,Jitter,500,462,11,0.023809523809523808,0.924,2026-05-15 04:00:54
mobilenet_v2_advanced,efficientnet_b0_advanced,Jitter,500,484,33,0.06818181818181818,0.968,2026-05-15 04:00:54
mobilenet_v2_advanced,inception_v3_advanced,Jitter,500,475,24,0.05052631578947368,0.95,2026-05-15 04:00:55
mobilenet_v2_advanced,resnet18_advanced,Jitter,500,472,5,0.01059322033898305,0.944,2026-05-15 04:00:56
mobilenet_v2_advanced,swin_t_advanced,Jitter,500,446,14,0.03139013452914798,0.892,2026-05-15 04:00:57
mobilenet_v2_advanced,densenet121_adv_passive,Jitter,500,491,4,0.008146639511201629,0.982,2026-05-15 04:00:58
mobilenet_v2_advanced,efficientnet_b0_adv_passive,Jitter,500,499,4,0.008016032064128256,0.998,2026-05-15 04:00:58
mobilenet_v2_advanced,inception_v3_adv_passive,Jitter,500,487,6,0.012320328542094456,0.974,2026-05-15 04:00:59
mobilenet_v2_advanced,mobilenet_v2_adv_passive,Jitter,500,496,61,0.12298387096774194,0.992,2026-05-15 04:00:59
mobilenet_v2_advanced,resnet18_adv_passive,Jitter,500,488,2,0.004098360655737705,0.976,2026-05-15 04:01:00
mobilenet_v2_advanced,swin_t_adv_passive,Jitter,500,493,5,0.010141987829614604,0.986,2026-05-15 04:01:01
mobilenet_v2_advanced,densenet121_advanced,MIFGSM,500,463,37,0.07991360691144708,0.926,2026-05-15 04:02:34
mobilenet_v2_advanced,efficientnet_b0_advanced,MIFGSM,500,484,73,0.15082644628099173,0.968,2026-05-15 04:02:35
mobilenet_v2_advanced,inception_v3_advanced,MIFGSM,500,476,71,0.14915966386554622,0.952,2026-05-15 04:02:36
mobilenet_v2_advanced,resnet18_advanced,MIFGSM,500,475,40,0.08421052631578947,0.95,2026-05-15 04:02:36
mobilenet_v2_advanced,swin_t_advanced,MIFGSM,500,445,38,0.0853932584269663,0.89,2026-05-15 04:02:38
mobilenet_v2_advanced,densenet121_adv_passive,MIFGSM,500,491,13,0.026476578411405296,0.982,2026-05-15 04:02:39
mobilenet_v2_advanced,efficientnet_b0_adv_passive,MIFGSM,500,497,19,0.03822937625754527,0.994,2026-05-15 04:02:39
mobilenet_v2_advanced,inception_v3_adv_passive,MIFGSM,500,485,9,0.018556701030927835,0.97,2026-05-15 04:02:40
mobilenet_v2_advanced,mobilenet_v2_adv_passive,MIFGSM,500,495,249,0.503030303030303,0.99,2026-05-15 04:02:40
mobilenet_v2_advanced,resnet18_adv_passive,MIFGSM,500,488,16,0.03278688524590164,0.976,2026-05-15 04:02:41
mobilenet_v2_advanced,swin_t_adv_passive,MIFGSM,500,491,19,0.038696537678207736,0.982,2026-05-15 04:02:42
mobilenet_v2_advanced,densenet121_advanced,NIFGSM,500,462,39,0.08441558441558442,0.924,2026-05-15 04:04:16
mobilenet_v2_advanced,efficientnet_b0_advanced,NIFGSM,500,483,74,0.15320910973084886,0.966,2026-05-15 04:04:16
mobilenet_v2_advanced,inception_v3_advanced,NIFGSM,500,476,57,0.11974789915966387,0.952,2026-05-15 04:04:17
mobilenet_v2_advanced,resnet18_advanced,NIFGSM,500,476,31,0.06512605042016807,0.952,2026-05-15 04:04:18
mobilenet_v2_advanced,swin_t_advanced,NIFGSM,500,440,36,0.08181818181818182,0.88,2026-05-15 04:04:19
mobilenet_v2_advanced,densenet121_adv_passive,NIFGSM,500,490,12,0.024489795918367346,0.98,2026-05-15 04:04:20
mobilenet_v2_advanced,efficientnet_b0_adv_passive,NIFGSM,500,497,17,0.03420523138832998,0.994,2026-05-15 04:04:20
mobilenet_v2_advanced,inception_v3_adv_passive,NIFGSM,500,487,7,0.014373716632443531,0.974,2026-05-15 04:04:21
mobilenet_v2_advanced,mobilenet_v2_adv_passive,NIFGSM,500,490,148,0.3020408163265306,0.98,2026-05-15 04:04:21
mobilenet_v2_advanced,resnet18_adv_passive,NIFGSM,500,487,13,0.026694045174537988,0.974,2026-05-15 04:04:22
mobilenet_v2_advanced,swin_t_adv_passive,NIFGSM,500,493,16,0.032454361054766734,0.986,2026-05-15 04:04:23
mobilenet_v2_advanced,densenet121_advanced,PGD,500,471,18,0.03821656050955414,0.942,2026-05-15 04:05:56
mobilenet_v2_advanced,efficientnet_b0_advanced,PGD,500,487,45,0.09240246406570841,0.974,2026-05-15 04:05:56
mobilenet_v2_advanced,inception_v3_advanced,PGD,500,474,23,0.04852320675105485,0.948,2026-05-15 04:05:57
mobilenet_v2_advanced,resnet18_advanced,PGD,500,473,14,0.02959830866807611,0.946,2026-05-15 04:05:58
mobilenet_v2_advanced,swin_t_advanced,PGD,500,446,17,0.03811659192825112,0.892,2026-05-15 04:05:59
mobilenet_v2_advanced,densenet121_adv_passive,PGD,500,490,4,0.00816326530612245,0.98,2026-05-15 04:06:00
mobilenet_v2_advanced,efficientnet_b0_adv_passive,PGD,500,497,3,0.006036217303822937,0.994,2026-05-15 04:06:00
mobilenet_v2_advanced,inception_v3_adv_passive,PGD,500,485,5,0.010309278350515464,0.97,2026-05-15 04:06:01
mobilenet_v2_advanced,mobilenet_v2_adv_passive,PGD,500,493,163,0.3306288032454361,0.986,2026-05-15 04:06:02
mobilenet_v2_advanced,resnet18_adv_passive,PGD,500,491,7,0.014256619144602852,0.982,2026-05-15 04:06:02
mobilenet_v2_advanced,swin_t_adv_passive,PGD,500,493,5,0.010141987829614604,0.986,2026-05-15 04:06:03
mobilenet_v2_advanced,densenet121_advanced,PGDL2,500,470,4,0.00851063829787234,0.94,2026-05-15 04:07:38
mobilenet_v2_advanced,efficientnet_b0_advanced,PGDL2,500,487,5,0.01026694045174538,0.974,2026-05-15 04:07:38
mobilenet_v2_advanced,inception_v3_advanced,PGDL2,500,477,6,0.012578616352201259,0.954,2026-05-15 04:07:39
mobilenet_v2_advanced,resnet18_advanced,PGDL2,500,475,1,0.002105263157894737,0.95,2026-05-15 04:07:40
mobilenet_v2_advanced,swin_t_advanced,PGDL2,500,448,2,0.004464285714285714,0.896,2026-05-15 04:07:41
mobilenet_v2_advanced,densenet121_adv_passive,PGDL2,500,493,2,0.004056795131845842,0.986,2026-05-15 04:07:42
mobilenet_v2_advanced,efficientnet_b0_adv_passive,PGDL2,500,496,0,0.0,0.992,2026-05-15 04:07:42
mobilenet_v2_advanced,inception_v3_adv_passive,PGDL2,500,485,0,0.0,0.97,2026-05-15 04:07:43
mobilenet_v2_advanced,mobilenet_v2_adv_passive,PGDL2,500,496,21,0.04233870967741935,0.992,2026-05-15 04:07:44
mobilenet_v2_advanced,resnet18_adv_passive,PGDL2,500,489,0,0.0,0.978,2026-05-15 04:07:44
mobilenet_v2_advanced,swin_t_adv_passive,PGDL2,500,490,0,0.0,0.98,2026-05-15 04:07:45
mobilenet_v2_advanced,densenet121_advanced,PGDRS,500,475,29,0.061052631578947365,0.95,2026-05-15 04:10:57
mobilenet_v2_advanced,efficientnet_b0_advanced,PGDRS,500,492,70,0.14227642276422764,0.984,2026-05-15 04:10:58
mobilenet_v2_advanced,inception_v3_advanced,PGDRS,500,484,44,0.09090909090909091,0.968,2026-05-15 04:10:58
mobilenet_v2_advanced,resnet18_advanced,PGDRS,500,482,28,0.058091286307053944,0.964,2026-05-15 04:10:59
mobilenet_v2_advanced,swin_t_advanced,PGDRS,500,449,27,0.060133630289532294,0.898,2026-05-15 04:11:00
mobilenet_v2_advanced,densenet121_adv_passive,PGDRS,500,497,10,0.02012072434607646,0.994,2026-05-15 04:11:01
mobilenet_v2_advanced,efficientnet_b0_adv_passive,PGDRS,500,499,7,0.014028056112224449,0.998,2026-05-15 04:11:02
mobilenet_v2_advanced,inception_v3_adv_passive,PGDRS,500,490,4,0.00816326530612245,0.98,2026-05-15 04:11:02
mobilenet_v2_advanced,mobilenet_v2_adv_passive,PGDRS,500,497,307,0.6177062374245473,0.994,2026-05-15 04:11:03
mobilenet_v2_advanced,resnet18_adv_passive,PGDRS,500,494,7,0.01417004048582996,0.988,2026-05-15 04:11:03
mobilenet_v2_advanced,swin_t_adv_passive,PGDRS,500,495,9,0.01818181818181818,0.99,2026-05-15 04:11:04
mobilenet_v2_advanced,densenet121_advanced,PGDRSL2,500,460,9,0.01956521739130435,0.92,2026-05-15 04:14:54
mobilenet_v2_advanced,efficientnet_b0_advanced,PGDRSL2,500,480,6,0.0125,0.96,2026-05-15 04:14:55
mobilenet_v2_advanced,inception_v3_advanced,PGDRSL2,500,464,10,0.021551724137931036,0.928,2026-05-15 04:14:56
mobilenet_v2_advanced,resnet18_advanced,PGDRSL2,500,463,1,0.0021598272138228943,0.926,2026-05-15 04:14:56
mobilenet_v2_advanced,swin_t_advanced,PGDRSL2,500,426,5,0.011737089201877934,0.852,2026-05-15 04:14:57
mobilenet_v2_advanced,densenet121_adv_passive,PGDRSL2,500,487,1,0.002053388090349076,0.974,2026-05-15 04:14:58
mobilenet_v2_advanced,efficientnet_b0_adv_passive,PGDRSL2,500,497,1,0.002012072434607646,0.994,2026-05-15 04:14:59
mobilenet_v2_advanced,inception_v3_adv_passive,PGDRSL2,500,484,3,0.006198347107438017,0.968,2026-05-15 04:15:00
mobilenet_v2_advanced,mobilenet_v2_adv_passive,PGDRSL2,500,491,23,0.04684317718940937,0.982,2026-05-15 04:15:00
mobilenet_v2_advanced,resnet18_adv_passive,PGDRSL2,500,482,1,0.002074688796680498,0.964,2026-05-15 04:15:00
mobilenet_v2_advanced,swin_t_adv_passive,PGDRSL2,500,492,2,0.0040650406504065045,0.984,2026-05-15 04:15:02
mobilenet_v2_advanced,densenet121_advanced,RFGSM,500,472,14,0.029661016949152543,0.944,2026-05-15 04:16:34
mobilenet_v2_advanced,efficientnet_b0_advanced,RFGSM,500,494,43,0.08704453441295547,0.988,2026-05-15 04:16:35
mobilenet_v2_advanced,inception_v3_advanced,RFGSM,500,486,22,0.04526748971193416,0.972,2026-05-15 04:16:36
mobilenet_v2_advanced,resnet18_advanced,RFGSM,500,486,16,0.03292181069958848,0.972,2026-05-15 04:16:36
mobilenet_v2_advanced,swin_t_advanced,RFGSM,500,448,9,0.020089285714285716,0.896,2026-05-15 04:16:37
mobilenet_v2_advanced,densenet121_adv_passive,RFGSM,500,494,5,0.010121457489878543,0.988,2026-05-15 04:16:38
mobilenet_v2_advanced,efficientnet_b0_adv_passive,RFGSM,500,497,8,0.01609657947686117,0.994,2026-05-15 04:16:39
mobilenet_v2_advanced,inception_v3_adv_passive,RFGSM,500,491,6,0.012219959266802444,0.982,2026-05-15 04:16:40
mobilenet_v2_advanced,mobilenet_v2_adv_passive,RFGSM,500,496,189,0.3810483870967742,0.992,2026-05-15 04:16:40
mobilenet_v2_advanced,resnet18_adv_passive,RFGSM,500,493,8,0.016227180527383367,0.986,2026-05-15 04:16:40
mobilenet_v2_advanced,swin_t_adv_passive,RFGSM,500,491,3,0.006109979633401222,0.982,2026-05-15 04:16:42
mobilenet_v2_advanced,densenet121_advanced,SINIFGSM,500,472,30,0.0635593220338983,0.944,2026-05-15 04:24:24
mobilenet_v2_advanced,efficientnet_b0_advanced,SINIFGSM,500,478,97,0.20292887029288703,0.956,2026-05-15 04:24:24
mobilenet_v2_advanced,inception_v3_advanced,SINIFGSM,500,474,61,0.12869198312236288,0.948,2026-05-15 04:24:25
mobilenet_v2_advanced,resnet18_advanced,SINIFGSM,500,471,36,0.07643312101910828,0.942,2026-05-15 04:24:26
mobilenet_v2_advanced,swin_t_advanced,SINIFGSM,500,446,49,0.10986547085201794,0.892,2026-05-15 04:24:27
mobilenet_v2_advanced,densenet121_adv_passive,SINIFGSM,500,494,12,0.024291497975708502,0.988,2026-05-15 04:24:28
mobilenet_v2_advanced,efficientnet_b0_adv_passive,SINIFGSM,500,500,22,0.044,1.0,2026-05-15 04:24:28
mobilenet_v2_advanced,inception_v3_adv_passive,SINIFGSM,500,489,17,0.034764826175869123,0.978,2026-05-15 04:24:29
mobilenet_v2_advanced,mobilenet_v2_adv_passive,SINIFGSM,500,495,162,0.32727272727272727,0.99,2026-05-15 04:24:30
mobilenet_v2_advanced,resnet18_adv_passive,SINIFGSM,500,485,11,0.02268041237113402,0.97,2026-05-15 04:24:30
mobilenet_v2_advanced,swin_t_adv_passive,SINIFGSM,500,492,17,0.034552845528455285,0.984,2026-05-15 04:24:31
mobilenet_v2_advanced,densenet121_advanced,SPSA,500,462,7,0.015151515151515152,0.924,2026-05-15 04:29:43
mobilenet_v2_advanced,efficientnet_b0_advanced,SPSA,500,482,21,0.043568464730290454,0.964,2026-05-15 04:29:44
mobilenet_v2_advanced,inception_v3_advanced,SPSA,500,476,24,0.05042016806722689,0.952,2026-05-15 04:29:45
mobilenet_v2_advanced,resnet18_advanced,SPSA,500,469,10,0.021321961620469083,0.938,2026-05-15 04:29:45
mobilenet_v2_advanced,swin_t_advanced,SPSA,500,440,12,0.02727272727272727,0.88,2026-05-15 04:29:46
mobilenet_v2_advanced,densenet121_adv_passive,SPSA,500,495,3,0.006060606060606061,0.99,2026-05-15 04:29:47
mobilenet_v2_advanced,efficientnet_b0_adv_passive,SPSA,500,498,3,0.006024096385542169,0.996,2026-05-15 04:29:48
mobilenet_v2_advanced,inception_v3_adv_passive,SPSA,500,488,10,0.020491803278688523,0.976,2026-05-15 04:29:49
mobilenet_v2_advanced,mobilenet_v2_adv_passive,SPSA,500,492,18,0.036585365853658534,0.984,2026-05-15 04:29:49
mobilenet_v2_advanced,resnet18_adv_passive,SPSA,500,486,5,0.0102880658436214,0.972,2026-05-15 04:29:49
mobilenet_v2_advanced,swin_t_adv_passive,SPSA,500,496,0,0.0,0.992,2026-05-15 04:29:51
mobilenet_v2_advanced,densenet121_advanced,TIFGSM,500,467,45,0.09635974304068523,0.934,2026-05-15 04:31:26
mobilenet_v2_advanced,efficientnet_b0_advanced,TIFGSM,500,477,41,0.0859538784067086,0.954,2026-05-15 04:31:26
mobilenet_v2_advanced,inception_v3_advanced,TIFGSM,500,482,30,0.06224066390041494,0.964,2026-05-15 04:31:27
mobilenet_v2_advanced,resnet18_advanced,TIFGSM,500,476,31,0.06512605042016807,0.952,2026-05-15 04:31:28
mobilenet_v2_advanced,swin_t_advanced,TIFGSM,500,453,29,0.0640176600441501,0.906,2026-05-15 04:31:29
mobilenet_v2_advanced,densenet121_adv_passive,TIFGSM,500,490,9,0.018367346938775512,0.98,2026-05-15 04:31:30
mobilenet_v2_advanced,efficientnet_b0_adv_passive,TIFGSM,500,497,5,0.01006036217303823,0.994,2026-05-15 04:31:30
mobilenet_v2_advanced,inception_v3_adv_passive,TIFGSM,500,489,11,0.022494887525562373,0.978,2026-05-15 04:31:31
mobilenet_v2_advanced,mobilenet_v2_adv_passive,TIFGSM,500,492,59,0.11991869918699187,0.984,2026-05-15 04:31:32
mobilenet_v2_advanced,resnet18_adv_passive,TIFGSM,500,489,11,0.022494887525562373,0.978,2026-05-15 04:31:32
mobilenet_v2_advanced,swin_t_adv_passive,TIFGSM,500,494,6,0.012145748987854251,0.988,2026-05-15 04:31:33
mobilenet_v2_advanced,densenet121_advanced,TPGD,500,465,13,0.02795698924731183,0.93,2026-05-15 04:34:34
mobilenet_v2_advanced,efficientnet_b0_advanced,TPGD,500,485,48,0.09896907216494845,0.97,2026-05-15 04:34:35
mobilenet_v2_advanced,inception_v3_advanced,TPGD,500,474,33,0.06962025316455696,0.948,2026-05-15 04:34:36
mobilenet_v2_advanced,resnet18_advanced,TPGD,500,468,12,0.02564102564102564,0.936,2026-05-15 04:34:36
mobilenet_v2_advanced,swin_t_advanced,TPGD,500,443,22,0.04966139954853273,0.886,2026-05-15 04:34:37
mobilenet_v2_advanced,densenet121_adv_passive,TPGD,500,489,7,0.014314928425357873,0.978,2026-05-15 04:34:38
mobilenet_v2_advanced,efficientnet_b0_adv_passive,TPGD,500,496,9,0.018145161290322582,0.992,2026-05-15 04:34:39
mobilenet_v2_advanced,inception_v3_adv_passive,TPGD,500,489,8,0.016359918200409,0.978,2026-05-15 04:34:40
mobilenet_v2_advanced,mobilenet_v2_adv_passive,TPGD,500,495,215,0.43434343434343436,0.99,2026-05-15 04:34:40
mobilenet_v2_advanced,resnet18_adv_passive,TPGD,500,488,3,0.006147540983606557,0.976,2026-05-15 04:34:41
mobilenet_v2_advanced,swin_t_adv_passive,TPGD,500,489,8,0.016359918200409,0.978,2026-05-15 04:34:42
mobilenet_v2_advanced,densenet121_advanced,UPGD,500,466,38,0.0815450643776824,0.932,2026-05-15 04:36:16
mobilenet_v2_advanced,efficientnet_b0_advanced,UPGD,500,485,62,0.12783505154639174,0.97,2026-05-15 04:36:16
mobilenet_v2_advanced,inception_v3_advanced,UPGD,500,476,57,0.11974789915966387,0.952,2026-05-15 04:36:17
mobilenet_v2_advanced,resnet18_advanced,UPGD,500,472,38,0.08050847457627118,0.944,2026-05-15 04:36:18
mobilenet_v2_advanced,swin_t_advanced,UPGD,500,448,48,0.10714285714285714,0.896,2026-05-15 04:36:19
mobilenet_v2_advanced,densenet121_adv_passive,UPGD,500,486,13,0.026748971193415638,0.972,2026-05-15 04:36:20
mobilenet_v2_advanced,efficientnet_b0_adv_passive,UPGD,500,496,10,0.020161290322580645,0.992,2026-05-15 04:36:20
mobilenet_v2_advanced,inception_v3_adv_passive,UPGD,500,488,18,0.036885245901639344,0.976,2026-05-15 04:36:21
mobilenet_v2_advanced,mobilenet_v2_adv_passive,UPGD,500,495,224,0.45252525252525255,0.99,2026-05-15 04:36:21
mobilenet_v2_advanced,resnet18_adv_passive,UPGD,500,487,12,0.024640657084188913,0.974,2026-05-15 04:36:22
mobilenet_v2_advanced,swin_t_adv_passive,UPGD,500,488,12,0.02459016393442623,0.976,2026-05-15 04:36:23
mobilenet_v2_advanced,densenet121_advanced,VMIFGSM,500,473,59,0.12473572938689217,0.946,2026-05-15 04:45:36
mobilenet_v2_advanced,efficientnet_b0_advanced,VMIFGSM,500,480,107,0.22291666666666668,0.96,2026-05-15 04:45:36
mobilenet_v2_advanced,inception_v3_advanced,VMIFGSM,500,477,73,0.1530398322851153,0.954,2026-05-15 04:45:37
mobilenet_v2_advanced,resnet18_advanced,VMIFGSM,500,472,50,0.1059322033898305,0.944,2026-05-15 04:45:38
mobilenet_v2_advanced,swin_t_advanced,VMIFGSM,500,449,58,0.1291759465478842,0.898,2026-05-15 04:45:39
mobilenet_v2_advanced,densenet121_adv_passive,VMIFGSM,500,493,14,0.028397565922920892,0.986,2026-05-15 04:45:40
mobilenet_v2_advanced,efficientnet_b0_adv_passive,VMIFGSM,500,498,18,0.03614457831325301,0.996,2026-05-15 04:45:40
mobilenet_v2_advanced,inception_v3_adv_passive,VMIFGSM,500,490,15,0.030612244897959183,0.98,2026-05-15 04:45:41
mobilenet_v2_advanced,mobilenet_v2_adv_passive,VMIFGSM,500,495,341,0.6888888888888889,0.99,2026-05-15 04:45:41
mobilenet_v2_advanced,resnet18_adv_passive,VMIFGSM,500,493,23,0.04665314401622718,0.986,2026-05-15 04:45:42
mobilenet_v2_advanced,swin_t_adv_passive,VMIFGSM,500,491,18,0.03665987780040733,0.982,2026-05-15 04:45:43
mobilenet_v2_advanced,densenet121_advanced,VNIFGSM,500,461,41,0.08893709327548807,0.922,2026-05-15 04:54:55
mobilenet_v2_advanced,efficientnet_b0_advanced,VNIFGSM,500,484,122,0.25206611570247933,0.968,2026-05-15 04:54:56
mobilenet_v2_advanced,inception_v3_advanced,VNIFGSM,500,477,66,0.13836477987421383,0.954,2026-05-15 04:54:57
mobilenet_v2_advanced,resnet18_advanced,VNIFGSM,500,483,40,0.08281573498964803,0.966,2026-05-15 04:54:57
mobilenet_v2_advanced,swin_t_advanced,VNIFGSM,500,440,46,0.10454545454545454,0.88,2026-05-15 04:54:58
mobilenet_v2_advanced,densenet121_adv_passive,VNIFGSM,500,498,20,0.040160642570281124,0.996,2026-05-15 04:54:59
mobilenet_v2_advanced,efficientnet_b0_adv_passive,VNIFGSM,500,498,16,0.0321285140562249,0.996,2026-05-15 04:55:00
mobilenet_v2_advanced,inception_v3_adv_passive,VNIFGSM,500,488,9,0.018442622950819672,0.976,2026-05-15 04:55:00
mobilenet_v2_advanced,mobilenet_v2_adv_passive,VNIFGSM,500,495,327,0.6606060606060606,0.99,2026-05-15 04:55:01
mobilenet_v2_advanced,resnet18_adv_passive,VNIFGSM,500,490,21,0.04285714285714286,0.98,2026-05-15 04:55:01
mobilenet_v2_advanced,swin_t_adv_passive,VNIFGSM,500,489,24,0.049079754601226995,0.978,2026-05-15 04:55:02
mobilenet_v2_advanced,densenet121_advanced,OnePixel,36,26,0,0.0,0.7222222222222222,2026-05-15 05:05:59
mobilenet_v2_advanced,efficientnet_b0_advanced,OnePixel,36,27,0,0.0,0.75,2026-05-15 05:06:00
mobilenet_v2_advanced,inception_v3_advanced,OnePixel,36,26,0,0.0,0.7222222222222222,2026-05-15 05:06:00
mobilenet_v2_advanced,resnet18_advanced,OnePixel,36,26,0,0.0,0.7222222222222222,2026-05-15 05:06:01
mobilenet_v2_advanced,swin_t_advanced,OnePixel,36,18,0,0.0,0.5,2026-05-15 05:06:01
mobilenet_v2_advanced,densenet121_adv_passive,OnePixel,36,31,0,0.0,0.8611111111111112,2026-05-15 05:06:02
mobilenet_v2_advanced,efficientnet_b0_adv_passive,OnePixel,36,36,0,0.0,1.0,2026-05-15 05:06:02
mobilenet_v2_advanced,inception_v3_adv_passive,OnePixel,36,33,0,0.0,0.9166666666666666,2026-05-15 05:06:03
mobilenet_v2_advanced,mobilenet_v2_adv_passive,OnePixel,36,36,0,0.0,1.0,2026-05-15 05:06:03
mobilenet_v2_advanced,resnet18_adv_passive,OnePixel,36,31,1,0.03225806451612903,0.8611111111111112,2026-05-15 05:06:03
mobilenet_v2_advanced,swin_t_adv_passive,OnePixel,36,34,0,0.0,0.9444444444444444,2026-05-15 05:06:04
mobilenet_v2_advanced,densenet121_advanced,Pixle,500,442,106,0.2398190045248869,0.884,2026-05-15 05:58:34
mobilenet_v2_advanced,efficientnet_b0_advanced,Pixle,500,480,15,0.03125,0.96,2026-05-15 05:58:35
mobilenet_v2_advanced,inception_v3_advanced,Pixle,500,459,57,0.12418300653594772,0.918,2026-05-15 05:58:35
mobilenet_v2_advanced,resnet18_advanced,Pixle,500,456,104,0.22807017543859648,0.912,2026-05-15 05:58:36
mobilenet_v2_advanced,swin_t_advanced,Pixle,500,423,25,0.0591016548463357,0.846,2026-05-15 05:58:37
mobilenet_v2_advanced,densenet121_adv_passive,Pixle,500,483,8,0.016563146997929608,0.966,2026-05-15 05:58:38
mobilenet_v2_advanced,efficientnet_b0_adv_passive,Pixle,500,493,1,0.002028397565922921,0.986,2026-05-15 05:58:38
mobilenet_v2_advanced,inception_v3_adv_passive,Pixle,500,481,12,0.02494802494802495,0.962,2026-05-15 05:58:39
mobilenet_v2_advanced,mobilenet_v2_adv_passive,Pixle,500,492,6,0.012195121951219513,0.984,2026-05-15 05:58:40
mobilenet_v2_advanced,resnet18_adv_passive,Pixle,500,482,9,0.01867219917012448,0.964,2026-05-15 05:58:40
mobilenet_v2_advanced,swin_t_adv_passive,Pixle,500,484,1,0.002066115702479339,0.968,2026-05-15 05:58:41
mobilenet_v2_advanced,densenet121_advanced,Square,500,467,28,0.059957173447537475,0.934,2026-05-15 06:23:43
mobilenet_v2_advanced,efficientnet_b0_advanced,Square,500,485,57,0.11752577319587629,0.97,2026-05-15 06:23:44
mobilenet_v2_advanced,inception_v3_advanced,Square,500,480,34,0.07083333333333333,0.96,2026-05-15 06:23:45
mobilenet_v2_advanced,resnet18_advanced,Square,500,478,11,0.02301255230125523,0.956,2026-05-15 06:23:45
mobilenet_v2_advanced,swin_t_advanced,Square,500,443,54,0.12189616252821671,0.886,2026-05-15 06:23:46
mobilenet_v2_advanced,densenet121_adv_passive,Square,500,488,7,0.014344262295081968,0.976,2026-05-15 06:23:47
mobilenet_v2_advanced,efficientnet_b0_adv_passive,Square,500,498,4,0.008032128514056224,0.996,2026-05-15 06:23:48
mobilenet_v2_advanced,inception_v3_adv_passive,Square,500,489,12,0.024539877300613498,0.978,2026-05-15 06:23:49
mobilenet_v2_advanced,mobilenet_v2_adv_passive,Square,500,494,3,0.006072874493927126,0.988,2026-05-15 06:23:49
mobilenet_v2_advanced,resnet18_adv_passive,Square,500,493,2,0.004056795131845842,0.986,2026-05-15 06:23:50
mobilenet_v2_advanced,swin_t_adv_passive,Square,500,490,6,0.012244897959183673,0.98,2026-05-15 06:23:51
resnet18_advanced,densenet121_advanced,APGD,500,474,55,0.1160337552742616,0.948,2026-05-15 06:24:55
resnet18_advanced,efficientnet_b0_advanced,APGD,500,486,36,0.07407407407407407,0.972,2026-05-15 06:24:56
resnet18_advanced,inception_v3_advanced,APGD,500,480,57,0.11875,0.96,2026-05-15 06:24:57
resnet18_advanced,mobilenet_v2_advanced,APGD,500,480,40,0.08333333333333333,0.96,2026-05-15 06:24:57
resnet18_advanced,swin_t_advanced,APGD,500,444,27,0.060810810810810814,0.888,2026-05-15 06:24:58
resnet18_advanced,densenet121_adv_passive,APGD,500,495,7,0.014141414141414142,0.99,2026-05-15 06:24:59
resnet18_advanced,efficientnet_b0_adv_passive,APGD,500,500,3,0.006,1.0,2026-05-15 06:25:00
resnet18_advanced,inception_v3_adv_passive,APGD,500,485,5,0.010309278350515464,0.97,2026-05-15 06:25:00
resnet18_advanced,mobilenet_v2_adv_passive,APGD,500,495,9,0.01818181818181818,0.99,2026-05-15 06:25:01
resnet18_advanced,resnet18_adv_passive,APGD,500,492,25,0.0508130081300813,0.984,2026-05-15 06:25:01
resnet18_advanced,swin_t_adv_passive,APGD,500,498,8,0.01606425702811245,0.996,2026-05-15 06:25:02
resnet18_advanced,densenet121_advanced,APGDT,500,475,38,0.08,0.95,2026-05-15 06:26:15
resnet18_advanced,efficientnet_b0_advanced,APGDT,500,485,37,0.07628865979381444,0.97,2026-05-15 06:26:16
resnet18_advanced,inception_v3_advanced,APGDT,500,484,38,0.07851239669421488,0.968,2026-05-15 06:26:17
resnet18_advanced,mobilenet_v2_advanced,APGDT,500,485,44,0.09072164948453608,0.97,2026-05-15 06:26:17
resnet18_advanced,swin_t_advanced,APGDT,500,455,28,0.06153846153846154,0.91,2026-05-15 06:26:18
resnet18_advanced,densenet121_adv_passive,APGDT,500,496,5,0.010080645161290322,0.992,2026-05-15 06:26:19
resnet18_advanced,efficientnet_b0_adv_passive,APGDT,500,500,2,0.004,1.0,2026-05-15 06:26:20
resnet18_advanced,inception_v3_adv_passive,APGDT,500,493,8,0.016227180527383367,0.986,2026-05-15 06:26:21
resnet18_advanced,mobilenet_v2_adv_passive,APGDT,500,497,8,0.01609657947686117,0.994,2026-05-15 06:26:21
resnet18_advanced,resnet18_adv_passive,APGDT,500,488,17,0.03483606557377049,0.976,2026-05-15 06:26:22
resnet18_advanced,swin_t_adv_passive,APGDT,500,496,6,0.012096774193548387,0.992,2026-05-15 06:26:23
resnet18_advanced,densenet121_advanced,BIM,500,475,62,0.13052631578947368,0.95,2026-05-15 06:27:09
resnet18_advanced,efficientnet_b0_advanced,BIM,500,485,54,0.11134020618556702,0.97,2026-05-15 06:27:10
resnet18_advanced,inception_v3_advanced,BIM,500,484,65,0.13429752066115702,0.968,2026-05-15 06:27:11
resnet18_advanced,mobilenet_v2_advanced,BIM,500,485,54,0.11134020618556702,0.97,2026-05-15 06:27:11
resnet18_advanced,swin_t_advanced,BIM,500,455,30,0.06593406593406594,0.91,2026-05-15 06:27:13
resnet18_advanced,densenet121_adv_passive,BIM,500,496,8,0.016129032258064516,0.992,2026-05-15 06:27:13
resnet18_advanced,efficientnet_b0_adv_passive,BIM,500,500,4,0.008,1.0,2026-05-15 06:27:14
resnet18_advanced,inception_v3_adv_passive,BIM,500,493,12,0.02434077079107505,0.986,2026-05-15 06:27:15
resnet18_advanced,mobilenet_v2_adv_passive,BIM,500,497,6,0.012072434607645875,0.994,2026-05-15 06:27:15
resnet18_advanced,resnet18_adv_passive,BIM,500,488,30,0.06147540983606557,0.976,2026-05-15 06:27:16
resnet18_advanced,swin_t_adv_passive,BIM,500,496,11,0.02217741935483871,0.992,2026-05-15 06:27:17
resnet18_advanced,densenet121_advanced,CW,500,472,9,0.019067796610169493,0.944,2026-05-15 06:29:08
resnet18_advanced,efficientnet_b0_advanced,CW,500,484,3,0.006198347107438017,0.968,2026-05-15 06:29:08
resnet18_advanced,inception_v3_advanced,CW,500,483,9,0.018633540372670808,0.966,2026-05-15 06:29:09
resnet18_advanced,mobilenet_v2_advanced,CW,500,485,3,0.006185567010309278,0.97,2026-05-15 06:29:10
resnet18_advanced,swin_t_advanced,CW,500,448,5,0.011160714285714286,0.896,2026-05-15 06:29:11
resnet18_advanced,densenet121_adv_passive,CW,500,495,1,0.00202020202020202,0.99,2026-05-15 06:29:12
resnet18_advanced,efficientnet_b0_adv_passive,CW,500,498,0,0.0,0.996,2026-05-15 06:29:12
resnet18_advanced,inception_v3_adv_passive,CW,500,488,2,0.004098360655737705,0.976,2026-05-15 06:29:13
resnet18_advanced,mobilenet_v2_adv_passive,CW,500,496,0,0.0,0.992,2026-05-15 06:29:13
resnet18_advanced,resnet18_adv_passive,CW,500,495,3,0.006060606060606061,0.99,2026-05-15 06:29:14
resnet18_advanced,swin_t_adv_passive,CW,500,494,0,0.0,0.988,2026-05-15 06:29:15
resnet18_advanced,densenet121_advanced,DeepFool,500,479,2,0.0041753653444676405,0.958,2026-05-15 06:30:47
resnet18_advanced,efficientnet_b0_advanced,DeepFool,500,491,1,0.002036659877800407,0.982,2026-05-15 06:30:48
resnet18_advanced,inception_v3_advanced,DeepFool,500,483,3,0.006211180124223602,0.966,2026-05-15 06:30:49
resnet18_advanced,mobilenet_v2_advanced,DeepFool,500,490,2,0.004081632653061225,0.98,2026-05-15 06:30:49
resnet18_advanced,swin_t_advanced,DeepFool,500,469,5,0.010660980810234541,0.938,2026-05-15 06:30:50
resnet18_advanced,densenet121_adv_passive,DeepFool,500,497,0,0.0,0.994,2026-05-15 06:30:51
resnet18_advanced,efficientnet_b0_adv_passive,DeepFool,500,497,0,0.0,0.994,2026-05-15 06:30:52
resnet18_advanced,inception_v3_adv_passive,DeepFool,500,490,0,0.0,0.98,2026-05-15 06:30:53
resnet18_advanced,mobilenet_v2_adv_passive,DeepFool,500,498,0,0.0,0.996,2026-05-15 06:30:53
resnet18_advanced,resnet18_adv_passive,DeepFool,500,493,1,0.002028397565922921,0.986,2026-05-15 06:30:53
resnet18_advanced,swin_t_adv_passive,DeepFool,500,497,0,0.0,0.994,2026-05-15 06:30:55
resnet18_advanced,densenet121_advanced,DIFGSM,500,474,115,0.24261603375527427,0.948,2026-05-15 06:31:41
resnet18_advanced,efficientnet_b0_advanced,DIFGSM,500,485,48,0.09896907216494845,0.97,2026-05-15 06:31:42
resnet18_advanced,inception_v3_advanced,DIFGSM,500,484,125,0.25826446280991733,0.968,2026-05-15 06:31:43
resnet18_advanced,mobilenet_v2_advanced,DIFGSM,500,492,63,0.12804878048780488,0.984,2026-05-15 06:31:43
resnet18_advanced,swin_t_advanced,DIFGSM,500,449,37,0.08240534521158129,0.898,2026-05-15 06:31:44
resnet18_advanced,densenet121_adv_passive,DIFGSM,500,488,14,0.028688524590163935,0.976,2026-05-15 06:31:45
resnet18_advanced,efficientnet_b0_adv_passive,DIFGSM,500,498,4,0.008032128514056224,0.996,2026-05-15 06:31:46
resnet18_advanced,inception_v3_adv_passive,DIFGSM,500,494,14,0.02834008097165992,0.988,2026-05-15 06:31:47
resnet18_advanced,mobilenet_v2_adv_passive,DIFGSM,500,497,10,0.02012072434607646,0.994,2026-05-15 06:31:47
resnet18_advanced,resnet18_adv_passive,DIFGSM,500,493,54,0.10953346855983773,0.986,2026-05-15 06:31:48
resnet18_advanced,swin_t_adv_passive,DIFGSM,500,494,10,0.020242914979757085,0.988,2026-05-15 06:31:49
resnet18_advanced,densenet121_advanced,EADEN,500,483,4,0.008281573498964804,0.966,2026-05-15 06:44:01
resnet18_advanced,efficientnet_b0_advanced,EADEN,500,490,0,0.0,0.98,2026-05-15 06:44:01
resnet18_advanced,inception_v3_advanced,EADEN,500,486,1,0.00205761316872428,0.972,2026-05-15 06:44:02
resnet18_advanced,mobilenet_v2_advanced,EADEN,500,489,1,0.002044989775051125,0.978,2026-05-15 06:44:03
resnet18_advanced,swin_t_advanced,EADEN,500,464,3,0.00646551724137931,0.928,2026-05-15 06:44:04
resnet18_advanced,densenet121_adv_passive,EADEN,500,495,0,0.0,0.99,2026-05-15 06:44:05
resnet18_advanced,efficientnet_b0_adv_passive,EADEN,500,499,0,0.0,0.998,2026-05-15 06:44:05
resnet18_advanced,inception_v3_adv_passive,EADEN,500,489,1,0.002044989775051125,0.978,2026-05-15 06:44:06
resnet18_advanced,mobilenet_v2_adv_passive,EADEN,500,497,0,0.0,0.994,2026-05-15 06:44:06
resnet18_advanced,resnet18_adv_passive,EADEN,500,497,1,0.002012072434607646,0.994,2026-05-15 06:44:07
resnet18_advanced,swin_t_adv_passive,EADEN,500,497,0,0.0,0.994,2026-05-15 06:44:08
resnet18_advanced,densenet121_advanced,EADL1,500,477,7,0.014675052410901468,0.954,2026-05-15 06:56:00
resnet18_advanced,efficientnet_b0_advanced,EADL1,500,484,2,0.004132231404958678,0.968,2026-05-15 06:56:01
resnet18_advanced,inception_v3_advanced,EADL1,500,489,2,0.00408997955010225,0.978,2026-05-15 06:56:01
resnet18_advanced,mobilenet_v2_advanced,EADL1,500,484,1,0.002066115702479339,0.968,2026-05-15 06:56:02
resnet18_advanced,swin_t_advanced,EADL1,500,455,3,0.006593406593406593,0.91,2026-05-15 06:56:03
resnet18_advanced,densenet121_adv_passive,EADL1,500,495,0,0.0,0.99,2026-05-15 06:56:04
resnet18_advanced,efficientnet_b0_adv_passive,EADL1,500,500,0,0.0,1.0,2026-05-15 06:56:04
resnet18_advanced,inception_v3_adv_passive,EADL1,500,490,0,0.0,0.98,2026-05-15 06:56:05
resnet18_advanced,mobilenet_v2_adv_passive,EADL1,500,497,0,0.0,0.994,2026-05-15 06:56:06
resnet18_advanced,resnet18_adv_passive,EADL1,500,494,0,0.0,0.988,2026-05-15 06:56:06
resnet18_advanced,swin_t_adv_passive,EADL1,500,498,0,0.0,0.996,2026-05-15 06:56:07
resnet18_advanced,densenet121_advanced,EOTPGD,500,474,64,0.1350210970464135,0.948,2026-05-15 06:57:31
resnet18_advanced,efficientnet_b0_advanced,EOTPGD,500,483,39,0.08074534161490683,0.966,2026-05-15 06:57:31
resnet18_advanced,inception_v3_advanced,EOTPGD,500,485,69,0.1422680412371134,0.97,2026-05-15 06:57:32
resnet18_advanced,mobilenet_v2_advanced,EOTPGD,500,487,56,0.11498973305954825,0.974,2026-05-15 06:57:33
resnet18_advanced,swin_t_advanced,EOTPGD,500,460,28,0.06086956521739131,0.92,2026-05-15 06:57:34
resnet18_advanced,densenet121_adv_passive,EOTPGD,500,496,12,0.024193548387096774,0.992,2026-05-15 06:57:35
resnet18_advanced,efficientnet_b0_adv_passive,EOTPGD,500,500,6,0.012,1.0,2026-05-15 06:57:35
resnet18_advanced,inception_v3_adv_passive,EOTPGD,500,491,6,0.012219959266802444,0.982,2026-05-15 06:57:36
resnet18_advanced,mobilenet_v2_adv_passive,EOTPGD,500,498,15,0.030120481927710843,0.996,2026-05-15 06:57:36
resnet18_advanced,resnet18_adv_passive,EOTPGD,500,490,24,0.04897959183673469,0.98,2026-05-15 06:57:37
resnet18_advanced,swin_t_adv_passive,EOTPGD,500,492,6,0.012195121951219513,0.984,2026-05-15 06:57:38
resnet18_advanced,densenet121_advanced,FAB,500,475,1,0.002105263157894737,0.95,2026-05-15 07:02:45
resnet18_advanced,efficientnet_b0_advanced,FAB,500,489,0,0.0,0.978,2026-05-15 07:02:46
resnet18_advanced,inception_v3_advanced,FAB,500,485,2,0.004123711340206186,0.97,2026-05-15 07:02:47
resnet18_advanced,mobilenet_v2_advanced,FAB,500,496,1,0.0020161290322580645,0.992,2026-05-15 07:02:47
resnet18_advanced,swin_t_advanced,FAB,500,459,3,0.006535947712418301,0.918,2026-05-15 07:02:48
resnet18_advanced,densenet121_adv_passive,FAB,500,494,0,0.0,0.988,2026-05-15 07:02:49
resnet18_advanced,efficientnet_b0_adv_passive,FAB,500,496,0,0.0,0.992,2026-05-15 07:02:50
resnet18_advanced,inception_v3_adv_passive,FAB,500,492,0,0.0,0.984,2026-05-15 07:02:51
resnet18_advanced,mobilenet_v2_adv_passive,FAB,500,496,0,0.0,0.992,2026-05-15 07:02:51
resnet18_advanced,resnet18_adv_passive,FAB,500,496,0,0.0,0.992,2026-05-15 07:02:51
resnet18_advanced,swin_t_adv_passive,FAB,500,494,0,0.0,0.988,2026-05-15 07:02:53
resnet18_advanced,densenet121_advanced,FFGSM,500,478,86,0.1799163179916318,0.956,2026-05-15 07:03:02
resnet18_advanced,efficientnet_b0_advanced,FFGSM,500,490,64,0.1306122448979592,0.98,2026-05-15 07:03:03
resnet18_advanced,inception_v3_advanced,FFGSM,500,488,78,0.1598360655737705,0.976,2026-05-15 07:03:04
resnet18_advanced,mobilenet_v2_advanced,FFGSM,500,479,62,0.12943632567849686,0.958,2026-05-15 07:03:04
resnet18_advanced,swin_t_advanced,FFGSM,500,455,46,0.1010989010989011,0.91,2026-05-15 07:03:06
resnet18_advanced,densenet121_adv_passive,FFGSM,500,497,14,0.028169014084507043,0.994,2026-05-15 07:03:06
resnet18_advanced,efficientnet_b0_adv_passive,FFGSM,500,500,7,0.014,1.0,2026-05-15 07:03:07
resnet18_advanced,inception_v3_adv_passive,FFGSM,500,486,16,0.03292181069958848,0.972,2026-05-15 07:03:08
resnet18_advanced,mobilenet_v2_adv_passive,FFGSM,500,496,18,0.036290322580645164,0.992,2026-05-15 07:03:08
resnet18_advanced,resnet18_adv_passive,FFGSM,500,490,35,0.07142857142857142,0.98,2026-05-15 07:03:09
resnet18_advanced,swin_t_adv_passive,FFGSM,500,498,8,0.01606425702811245,0.996,2026-05-15 07:03:10
resnet18_advanced,densenet121_advanced,FGSM,500,471,85,0.18046709129511676,0.942,2026-05-15 07:03:19
resnet18_advanced,efficientnet_b0_advanced,FGSM,500,487,60,0.12320328542094455,0.974,2026-05-15 07:03:20
resnet18_advanced,inception_v3_advanced,FGSM,500,481,97,0.20166320166320167,0.962,2026-05-15 07:03:21
resnet18_advanced,mobilenet_v2_advanced,FGSM,500,486,71,0.14609053497942387,0.972,2026-05-15 07:03:21
resnet18_advanced,swin_t_advanced,FGSM,500,444,46,0.1036036036036036,0.888,2026-05-15 07:03:22
resnet18_advanced,densenet121_adv_passive,FGSM,500,495,21,0.04242424242424243,0.99,2026-05-15 07:03:23
resnet18_advanced,efficientnet_b0_adv_passive,FGSM,500,497,5,0.01006036217303823,0.994,2026-05-15 07:03:24
resnet18_advanced,inception_v3_adv_passive,FGSM,500,487,11,0.022587268993839837,0.974,2026-05-15 07:03:25
resnet18_advanced,mobilenet_v2_adv_passive,FGSM,500,499,34,0.06813627254509018,0.998,2026-05-15 07:03:25
resnet18_advanced,resnet18_adv_passive,FGSM,500,493,38,0.07707910750507099,0.986,2026-05-15 07:03:25
resnet18_advanced,swin_t_adv_passive,FGSM,500,496,14,0.028225806451612902,0.992,2026-05-15 07:03:27
resnet18_advanced,densenet121_advanced,GN,500,460,258,0.5608695652173913,0.92,2026-05-15 07:03:39
resnet18_advanced,efficientnet_b0_advanced,GN,500,479,369,0.7703549060542797,0.958,2026-05-15 07:03:39
resnet18_advanced,inception_v3_advanced,GN,500,480,299,0.6229166666666667,0.96,2026-05-15 07:03:40
resnet18_advanced,mobilenet_v2_advanced,GN,500,478,249,0.5209205020920502,0.956,2026-05-15 07:03:41
resnet18_advanced,swin_t_advanced,GN,500,437,275,0.6292906178489702,0.874,2026-05-15 07:03:42
resnet18_advanced,densenet121_adv_passive,GN,500,489,49,0.10020449897750511,0.978,2026-05-15 07:03:43
resnet18_advanced,efficientnet_b0_adv_passive,GN,500,497,348,0.7002012072434608,0.994,2026-05-15 07:03:43
resnet18_advanced,inception_v3_adv_passive,GN,500,478,41,0.08577405857740586,0.956,2026-05-15 07:03:44
resnet18_advanced,mobilenet_v2_adv_passive,GN,500,493,84,0.17038539553752535,0.986,2026-05-15 07:03:44
resnet18_advanced,resnet18_adv_passive,GN,500,488,34,0.06967213114754098,0.976,2026-05-15 07:03:45
resnet18_advanced,swin_t_adv_passive,GN,500,489,65,0.1329243353783231,0.978,2026-05-15 07:03:46
resnet18_advanced,densenet121_advanced,Jitter,500,475,31,0.06526315789473684,0.95,2026-05-15 07:04:50
resnet18_advanced,efficientnet_b0_advanced,Jitter,500,487,28,0.057494866529774126,0.974,2026-05-15 07:04:50
resnet18_advanced,inception_v3_advanced,Jitter,500,484,26,0.05371900826446281,0.968,2026-05-15 07:04:51
resnet18_advanced,mobilenet_v2_advanced,Jitter,500,485,30,0.061855670103092786,0.97,2026-05-15 07:04:52
resnet18_advanced,swin_t_advanced,Jitter,500,461,14,0.03036876355748373,0.922,2026-05-15 07:04:53
resnet18_advanced,densenet121_adv_passive,Jitter,500,494,8,0.016194331983805668,0.988,2026-05-15 07:04:54
resnet18_advanced,efficientnet_b0_adv_passive,Jitter,500,497,3,0.006036217303822937,0.994,2026-05-15 07:04:54
resnet18_advanced,inception_v3_adv_passive,Jitter,500,485,5,0.010309278350515464,0.97,2026-05-15 07:04:55
resnet18_advanced,mobilenet_v2_adv_passive,Jitter,500,494,6,0.012145748987854251,0.988,2026-05-15 07:04:55
resnet18_advanced,resnet18_adv_passive,Jitter,500,490,10,0.02040816326530612,0.98,2026-05-15 07:04:56
resnet18_advanced,swin_t_adv_passive,Jitter,500,495,2,0.00404040404040404,0.99,2026-05-15 07:04:57
resnet18_advanced,densenet121_advanced,MIFGSM,500,477,97,0.20335429769392033,0.954,2026-05-15 07:05:43
resnet18_advanced,efficientnet_b0_advanced,MIFGSM,500,489,61,0.12474437627811862,0.978,2026-05-15 07:05:43
resnet18_advanced,inception_v3_advanced,MIFGSM,500,491,118,0.24032586558044808,0.982,2026-05-15 07:05:44
resnet18_advanced,mobilenet_v2_advanced,MIFGSM,500,490,77,0.15714285714285714,0.98,2026-05-15 07:05:45
resnet18_advanced,swin_t_advanced,MIFGSM,500,462,46,0.09956709956709957,0.924,2026-05-15 07:05:46
resnet18_advanced,densenet121_adv_passive,MIFGSM,500,496,15,0.03024193548387097,0.992,2026-05-15 07:05:47
resnet18_advanced,efficientnet_b0_adv_passive,MIFGSM,500,496,5,0.010080645161290322,0.992,2026-05-15 07:05:47
resnet18_advanced,inception_v3_adv_passive,MIFGSM,500,483,7,0.014492753623188406,0.966,2026-05-15 07:05:48
resnet18_advanced,mobilenet_v2_adv_passive,MIFGSM,500,494,14,0.02834008097165992,0.988,2026-05-15 07:05:48
resnet18_advanced,resnet18_adv_passive,MIFGSM,500,498,49,0.09839357429718876,0.996,2026-05-15 07:05:49
resnet18_advanced,swin_t_adv_passive,MIFGSM,500,493,15,0.030425963488843813,0.986,2026-05-15 07:05:50
resnet18_advanced,densenet121_advanced,NIFGSM,500,478,75,0.15690376569037656,0.956,2026-05-15 07:06:36
resnet18_advanced,efficientnet_b0_advanced,NIFGSM,500,490,55,0.11224489795918367,0.98,2026-05-15 07:06:36
resnet18_advanced,inception_v3_advanced,NIFGSM,500,491,91,0.18533604887983707,0.982,2026-05-15 07:06:37
resnet18_advanced,mobilenet_v2_advanced,NIFGSM,500,489,65,0.1329243353783231,0.978,2026-05-15 07:06:38
resnet18_advanced,swin_t_advanced,NIFGSM,500,467,49,0.10492505353319058,0.934,2026-05-15 07:06:39
resnet18_advanced,densenet121_adv_passive,NIFGSM,500,496,9,0.018145161290322582,0.992,2026-05-15 07:06:40
resnet18_advanced,efficientnet_b0_adv_passive,NIFGSM,500,500,9,0.018,1.0,2026-05-15 07:06:40
resnet18_advanced,inception_v3_adv_passive,NIFGSM,500,491,11,0.02240325865580448,0.982,2026-05-15 07:06:41
resnet18_advanced,mobilenet_v2_adv_passive,NIFGSM,500,498,11,0.02208835341365462,0.996,2026-05-15 07:06:41
resnet18_advanced,resnet18_adv_passive,NIFGSM,500,491,31,0.06313645621181263,0.982,2026-05-15 07:06:42
resnet18_advanced,swin_t_adv_passive,NIFGSM,500,494,13,0.02631578947368421,0.988,2026-05-15 07:06:43
resnet18_advanced,densenet121_advanced,PGD,500,471,58,0.12314225053078556,0.942,2026-05-15 07:07:28
resnet18_advanced,efficientnet_b0_advanced,PGD,500,485,38,0.07835051546391752,0.97,2026-05-15 07:07:28
resnet18_advanced,inception_v3_advanced,PGD,500,483,70,0.14492753623188406,0.966,2026-05-15 07:07:29
resnet18_advanced,mobilenet_v2_advanced,PGD,500,484,54,0.1115702479338843,0.968,2026-05-15 07:07:30
resnet18_advanced,swin_t_advanced,PGD,500,455,28,0.06153846153846154,0.91,2026-05-15 07:07:31
resnet18_advanced,densenet121_adv_passive,PGD,500,493,12,0.02434077079107505,0.986,2026-05-15 07:07:32
resnet18_advanced,efficientnet_b0_adv_passive,PGD,500,497,5,0.01006036217303823,0.994,2026-05-15 07:07:32
resnet18_advanced,inception_v3_adv_passive,PGD,500,488,11,0.022540983606557378,0.976,2026-05-15 07:07:33
resnet18_advanced,mobilenet_v2_adv_passive,PGD,500,493,12,0.02434077079107505,0.986,2026-05-15 07:07:33
resnet18_advanced,resnet18_adv_passive,PGD,500,495,43,0.08686868686868687,0.99,2026-05-15 07:07:34
resnet18_advanced,swin_t_adv_passive,PGD,500,493,10,0.02028397565922921,0.986,2026-05-15 07:07:35
resnet18_advanced,densenet121_advanced,PGDL2,500,468,9,0.019230769230769232,0.936,2026-05-15 07:08:24
resnet18_advanced,efficientnet_b0_advanced,PGDL2,500,486,2,0.00411522633744856,0.972,2026-05-15 07:08:25
resnet18_advanced,inception_v3_advanced,PGDL2,500,484,12,0.024793388429752067,0.968,2026-05-15 07:08:26
resnet18_advanced,mobilenet_v2_advanced,PGDL2,500,480,3,0.00625,0.96,2026-05-15 07:08:26
resnet18_advanced,swin_t_advanced,PGDL2,500,448,1,0.002232142857142857,0.896,2026-05-15 07:08:27
resnet18_advanced,densenet121_adv_passive,PGDL2,500,491,1,0.002036659877800407,0.982,2026-05-15 07:08:28
resnet18_advanced,efficientnet_b0_adv_passive,PGDL2,500,498,1,0.002008032128514056,0.996,2026-05-15 07:08:28
resnet18_advanced,inception_v3_adv_passive,PGDL2,500,484,2,0.004132231404958678,0.968,2026-05-15 07:08:29
resnet18_advanced,mobilenet_v2_adv_passive,PGDL2,500,497,2,0.004024144869215292,0.994,2026-05-15 07:08:30
resnet18_advanced,resnet18_adv_passive,PGDL2,500,491,4,0.008146639511201629,0.982,2026-05-15 07:08:30
resnet18_advanced,swin_t_adv_passive,PGDL2,500,495,2,0.00404040404040404,0.99,2026-05-15 07:08:31
resnet18_advanced,densenet121_advanced,PGDRS,500,475,113,0.23789473684210527,0.95,2026-05-15 07:10:06
resnet18_advanced,efficientnet_b0_advanced,PGDRS,500,479,46,0.09603340292275574,0.958,2026-05-15 07:10:06
resnet18_advanced,inception_v3_advanced,PGDRS,500,483,100,0.2070393374741201,0.966,2026-05-15 07:10:07
resnet18_advanced,mobilenet_v2_advanced,PGDRS,500,485,63,0.12989690721649486,0.97,2026-05-15 07:10:08
resnet18_advanced,swin_t_advanced,PGDRS,500,455,48,0.1054945054945055,0.91,2026-05-15 07:10:09
resnet18_advanced,densenet121_adv_passive,PGDRS,500,493,18,0.036511156186612576,0.986,2026-05-15 07:10:10
resnet18_advanced,efficientnet_b0_adv_passive,PGDRS,500,497,7,0.014084507042253521,0.994,2026-05-15 07:10:10
resnet18_advanced,inception_v3_adv_passive,PGDRS,500,490,13,0.026530612244897958,0.98,2026-05-15 07:10:11
resnet18_advanced,mobilenet_v2_adv_passive,PGDRS,500,497,20,0.04024144869215292,0.994,2026-05-15 07:10:11
resnet18_advanced,resnet18_adv_passive,PGDRS,500,490,50,0.10204081632653061,0.98,2026-05-15 07:10:12
resnet18_advanced,swin_t_adv_passive,PGDRS,500,495,9,0.01818181818181818,0.99,2026-05-15 07:10:13
resnet18_advanced,densenet121_advanced,PGDRSL2,500,464,13,0.028017241379310345,0.928,2026-05-15 07:11:59
resnet18_advanced,efficientnet_b0_advanced,PGDRSL2,500,476,5,0.01050420168067227,0.952,2026-05-15 07:12:00
resnet18_advanced,inception_v3_advanced,PGDRSL2,500,479,14,0.029227557411273485,0.958,2026-05-15 07:12:01
resnet18_advanced,mobilenet_v2_advanced,PGDRSL2,500,477,6,0.012578616352201259,0.954,2026-05-15 07:12:01
resnet18_advanced,swin_t_advanced,PGDRSL2,500,444,6,0.013513513513513514,0.888,2026-05-15 07:12:02
resnet18_advanced,densenet121_adv_passive,PGDRSL2,500,491,2,0.004073319755600814,0.982,2026-05-15 07:12:03
resnet18_advanced,efficientnet_b0_adv_passive,PGDRSL2,500,498,0,0.0,0.996,2026-05-15 07:12:04
resnet18_advanced,inception_v3_adv_passive,PGDRSL2,500,483,3,0.006211180124223602,0.966,2026-05-15 07:12:05
resnet18_advanced,mobilenet_v2_adv_passive,PGDRSL2,500,493,1,0.002028397565922921,0.986,2026-05-15 07:12:05
resnet18_advanced,resnet18_adv_passive,PGDRSL2,500,491,4,0.008146639511201629,0.982,2026-05-15 07:12:05
resnet18_advanced,swin_t_adv_passive,PGDRSL2,500,494,0,0.0,0.988,2026-05-15 07:12:07
resnet18_advanced,densenet121_advanced,RFGSM,500,471,58,0.12314225053078556,0.942,2026-05-15 07:12:52
resnet18_advanced,efficientnet_b0_advanced,RFGSM,500,483,40,0.08281573498964803,0.966,2026-05-15 07:12:52
resnet18_advanced,inception_v3_advanced,RFGSM,500,486,77,0.15843621399176955,0.972,2026-05-15 07:12:53
resnet18_advanced,mobilenet_v2_advanced,RFGSM,500,482,48,0.0995850622406639,0.964,2026-05-15 07:12:53
resnet18_advanced,swin_t_advanced,RFGSM,500,450,28,0.06222222222222222,0.9,2026-05-15 07:12:55
resnet18_advanced,densenet121_adv_passive,RFGSM,500,493,18,0.036511156186612576,0.986,2026-05-15 07:12:55
resnet18_advanced,efficientnet_b0_adv_passive,RFGSM,500,497,6,0.012072434607645875,0.994,2026-05-15 07:12:56
resnet18_advanced,inception_v3_adv_passive,RFGSM,500,481,12,0.02494802494802495,0.962,2026-05-15 07:12:57
resnet18_advanced,mobilenet_v2_adv_passive,RFGSM,500,494,16,0.032388663967611336,0.988,2026-05-15 07:12:57
resnet18_advanced,resnet18_adv_passive,RFGSM,500,490,37,0.07551020408163266,0.98,2026-05-15 07:12:58
resnet18_advanced,swin_t_adv_passive,RFGSM,500,493,11,0.02231237322515213,0.986,2026-05-15 07:12:59
resnet18_advanced,densenet121_advanced,SINIFGSM,500,480,79,0.16458333333333333,0.96,2026-05-15 07:16:32
resnet18_advanced,efficientnet_b0_advanced,SINIFGSM,500,490,54,0.11020408163265306,0.98,2026-05-15 07:16:33
resnet18_advanced,inception_v3_advanced,SINIFGSM,500,488,103,0.21106557377049182,0.976,2026-05-15 07:16:34
resnet18_advanced,mobilenet_v2_advanced,SINIFGSM,500,486,82,0.16872427983539096,0.972,2026-05-15 07:16:34
resnet18_advanced,swin_t_advanced,SINIFGSM,500,461,64,0.13882863340563992,0.922,2026-05-15 07:16:35
resnet18_advanced,densenet121_adv_passive,SINIFGSM,500,498,11,0.02208835341365462,0.996,2026-05-15 07:16:36
resnet18_advanced,efficientnet_b0_adv_passive,SINIFGSM,500,498,7,0.014056224899598393,0.996,2026-05-15 07:16:37
resnet18_advanced,inception_v3_adv_passive,SINIFGSM,500,485,7,0.01443298969072165,0.97,2026-05-15 07:16:37
resnet18_advanced,mobilenet_v2_adv_passive,SINIFGSM,500,495,19,0.03838383838383838,0.99,2026-05-15 07:16:38
resnet18_advanced,resnet18_adv_passive,SINIFGSM,500,493,42,0.08519269776876268,0.986,2026-05-15 07:16:38
resnet18_advanced,swin_t_adv_passive,SINIFGSM,500,494,11,0.022267206477732792,0.988,2026-05-15 07:16:39
resnet18_advanced,densenet121_advanced,SPSA,500,459,18,0.0392156862745098,0.918,2026-05-15 07:23:07
resnet18_advanced,efficientnet_b0_advanced,SPSA,500,480,23,0.04791666666666667,0.96,2026-05-15 07:23:08
resnet18_advanced,inception_v3_advanced,SPSA,500,474,30,0.06329113924050633,0.948,2026-05-15 07:23:09
resnet18_advanced,mobilenet_v2_advanced,SPSA,500,482,26,0.05394190871369295,0.964,2026-05-15 07:23:09
resnet18_advanced,swin_t_advanced,SPSA,500,431,19,0.04408352668213457,0.862,2026-05-15 07:23:10
resnet18_advanced,densenet121_adv_passive,SPSA,500,492,6,0.012195121951219513,0.984,2026-05-15 07:23:11
resnet18_advanced,efficientnet_b0_adv_passive,SPSA,500,496,4,0.008064516129032258,0.992,2026-05-15 07:23:12
resnet18_advanced,inception_v3_adv_passive,SPSA,500,478,5,0.010460251046025104,0.956,2026-05-15 07:23:12
resnet18_advanced,mobilenet_v2_adv_passive,SPSA,500,492,8,0.016260162601626018,0.984,2026-05-15 07:23:13
resnet18_advanced,resnet18_adv_passive,SPSA,500,488,8,0.01639344262295082,0.976,2026-05-15 07:23:13
resnet18_advanced,swin_t_adv_passive,SPSA,500,488,3,0.006147540983606557,0.976,2026-05-15 07:23:14
resnet18_advanced,densenet121_advanced,TIFGSM,500,478,113,0.23640167364016737,0.956,2026-05-15 07:24:02
resnet18_advanced,efficientnet_b0_advanced,TIFGSM,500,486,29,0.059670781893004114,0.972,2026-05-15 07:24:03
resnet18_advanced,inception_v3_advanced,TIFGSM,500,485,66,0.1360824742268041,0.97,2026-05-15 07:24:04
resnet18_advanced,mobilenet_v2_advanced,TIFGSM,500,486,43,0.08847736625514403,0.972,2026-05-15 07:24:04
resnet18_advanced,swin_t_advanced,TIFGSM,500,451,52,0.11529933481152993,0.902,2026-05-15 07:24:05
resnet18_advanced,densenet121_adv_passive,TIFGSM,500,493,16,0.032454361054766734,0.986,2026-05-15 07:24:06
resnet18_advanced,efficientnet_b0_adv_passive,TIFGSM,500,497,6,0.012072434607645875,0.994,2026-05-15 07:24:07
resnet18_advanced,inception_v3_adv_passive,TIFGSM,500,487,10,0.02053388090349076,0.974,2026-05-15 07:24:07
resnet18_advanced,mobilenet_v2_adv_passive,TIFGSM,500,495,11,0.022222222222222223,0.99,2026-05-15 07:24:08
resnet18_advanced,resnet18_adv_passive,TIFGSM,500,490,15,0.030612244897959183,0.98,2026-05-15 07:24:08
resnet18_advanced,swin_t_adv_passive,TIFGSM,500,490,9,0.018367346938775512,0.98,2026-05-15 07:24:09
resnet18_advanced,densenet121_advanced,TPGD,500,481,62,0.1288981288981289,0.962,2026-05-15 07:25:39
resnet18_advanced,efficientnet_b0_advanced,TPGD,500,486,44,0.09053497942386832,0.972,2026-05-15 07:25:40
resnet18_advanced,inception_v3_advanced,TPGD,500,486,85,0.1748971193415638,0.972,2026-05-15 07:25:41
resnet18_advanced,mobilenet_v2_advanced,TPGD,500,489,49,0.10020449897750511,0.978,2026-05-15 07:25:41
resnet18_advanced,swin_t_advanced,TPGD,500,456,34,0.07456140350877193,0.912,2026-05-15 07:25:42
resnet18_advanced,densenet121_adv_passive,TPGD,500,492,15,0.03048780487804878,0.984,2026-05-15 07:25:43
resnet18_advanced,efficientnet_b0_adv_passive,TPGD,500,500,7,0.014,1.0,2026-05-15 07:25:44
resnet18_advanced,inception_v3_adv_passive,TPGD,500,487,11,0.022587268993839837,0.974,2026-05-15 07:25:44
resnet18_advanced,mobilenet_v2_adv_passive,TPGD,500,498,15,0.030120481927710843,0.996,2026-05-15 07:25:45
resnet18_advanced,resnet18_adv_passive,TPGD,500,483,38,0.07867494824016563,0.966,2026-05-15 07:25:45
resnet18_advanced,swin_t_adv_passive,TPGD,500,492,15,0.03048780487804878,0.984,2026-05-15 07:25:46
resnet18_advanced,densenet121_advanced,UPGD,500,478,91,0.1903765690376569,0.956,2026-05-15 07:26:33
resnet18_advanced,efficientnet_b0_advanced,UPGD,500,487,63,0.1293634496919918,0.974,2026-05-15 07:26:33
resnet18_advanced,inception_v3_advanced,UPGD,500,481,104,0.21621621621621623,0.962,2026-05-15 07:26:34
resnet18_advanced,mobilenet_v2_advanced,UPGD,500,488,90,0.18442622950819673,0.976,2026-05-15 07:26:35
resnet18_advanced,swin_t_advanced,UPGD,500,455,53,0.11648351648351649,0.91,2026-05-15 07:26:36
resnet18_advanced,densenet121_adv_passive,UPGD,500,493,20,0.04056795131845842,0.986,2026-05-15 07:26:37
resnet18_advanced,efficientnet_b0_adv_passive,UPGD,500,500,13,0.026,1.0,2026-05-15 07:26:37
resnet18_advanced,inception_v3_adv_passive,UPGD,500,488,12,0.02459016393442623,0.976,2026-05-15 07:26:38
resnet18_advanced,mobilenet_v2_adv_passive,UPGD,500,497,20,0.04024144869215292,0.994,2026-05-15 07:26:38
resnet18_advanced,resnet18_adv_passive,UPGD,500,494,45,0.09109311740890688,0.988,2026-05-15 07:26:39
resnet18_advanced,swin_t_adv_passive,UPGD,500,495,16,0.03232323232323232,0.99,2026-05-15 07:26:40
resnet18_advanced,densenet121_advanced,VMIFGSM,500,474,113,0.23839662447257384,0.948,2026-05-15 07:30:54
resnet18_advanced,efficientnet_b0_advanced,VMIFGSM,500,483,76,0.15734989648033126,0.966,2026-05-15 07:30:55
resnet18_advanced,inception_v3_advanced,VMIFGSM,500,483,118,0.2443064182194617,0.966,2026-05-15 07:30:56
resnet18_advanced,mobilenet_v2_advanced,VMIFGSM,500,487,88,0.1806981519507187,0.974,2026-05-15 07:30:56
resnet18_advanced,swin_t_advanced,VMIFGSM,500,462,65,0.1406926406926407,0.924,2026-05-15 07:30:57
resnet18_advanced,densenet121_adv_passive,VMIFGSM,500,492,16,0.032520325203252036,0.984,2026-05-15 07:30:58
resnet18_advanced,efficientnet_b0_adv_passive,VMIFGSM,500,499,8,0.01603206412825651,0.998,2026-05-15 07:30:59
resnet18_advanced,inception_v3_adv_passive,VMIFGSM,500,493,15,0.030425963488843813,0.986,2026-05-15 07:31:00
resnet18_advanced,mobilenet_v2_adv_passive,VMIFGSM,500,495,16,0.03232323232323232,0.99,2026-05-15 07:31:00
resnet18_advanced,resnet18_adv_passive,VMIFGSM,500,493,60,0.12170385395537525,0.986,2026-05-15 07:31:00
resnet18_advanced,swin_t_adv_passive,VMIFGSM,500,493,13,0.02636916835699797,0.986,2026-05-15 07:31:02
resnet18_advanced,densenet121_advanced,VNIFGSM,500,477,131,0.2746331236897275,0.954,2026-05-15 07:35:15
resnet18_advanced,efficientnet_b0_advanced,VNIFGSM,500,488,64,0.13114754098360656,0.976,2026-05-15 07:35:15
resnet18_advanced,inception_v3_advanced,VNIFGSM,500,489,134,0.2740286298568507,0.978,2026-05-15 07:35:16
resnet18_advanced,mobilenet_v2_advanced,VNIFGSM,500,485,91,0.18762886597938144,0.97,2026-05-15 07:35:17
resnet18_advanced,swin_t_advanced,VNIFGSM,500,461,65,0.14099783080260303,0.922,2026-05-15 07:35:18
resnet18_advanced,densenet121_adv_passive,VNIFGSM,500,495,15,0.030303030303030304,0.99,2026-05-15 07:35:19
resnet18_advanced,efficientnet_b0_adv_passive,VNIFGSM,500,497,9,0.018108651911468814,0.994,2026-05-15 07:35:19
resnet18_advanced,inception_v3_adv_passive,VNIFGSM,500,486,11,0.02263374485596708,0.972,2026-05-15 07:35:20
resnet18_advanced,mobilenet_v2_adv_passive,VNIFGSM,500,497,24,0.0482897384305835,0.994,2026-05-15 07:35:21
resnet18_advanced,resnet18_adv_passive,VNIFGSM,500,490,63,0.12857142857142856,0.98,2026-05-15 07:35:21
resnet18_advanced,swin_t_adv_passive,VNIFGSM,500,498,13,0.02610441767068273,0.996,2026-05-15 07:35:22
resnet18_advanced,densenet121_advanced,OnePixel,55,38,0,0.0,0.6909090909090909,2026-05-15 07:41:28
resnet18_advanced,efficientnet_b0_advanced,OnePixel,55,51,0,0.0,0.9272727272727272,2026-05-15 07:41:28
resnet18_advanced,inception_v3_advanced,OnePixel,55,41,1,0.024390243902439025,0.7454545454545455,2026-05-15 07:41:29
resnet18_advanced,mobilenet_v2_advanced,OnePixel,55,44,0,0.0,0.8,2026-05-15 07:41:29
resnet18_advanced,swin_t_advanced,OnePixel,55,36,0,0.0,0.6545454545454545,2026-05-15 07:41:30
resnet18_advanced,densenet121_adv_passive,OnePixel,55,54,0,0.0,0.9818181818181818,2026-05-15 07:41:30
resnet18_advanced,efficientnet_b0_adv_passive,OnePixel,55,52,0,0.0,0.9454545454545454,2026-05-15 07:41:31
resnet18_advanced,inception_v3_adv_passive,OnePixel,55,48,0,0.0,0.8727272727272727,2026-05-15 07:41:31
resnet18_advanced,mobilenet_v2_adv_passive,OnePixel,55,52,0,0.0,0.9454545454545454,2026-05-15 07:41:32
resnet18_advanced,resnet18_adv_passive,OnePixel,55,51,0,0.0,0.9272727272727272,2026-05-15 07:41:32
resnet18_advanced,swin_t_adv_passive,OnePixel,55,52,0,0.0,0.9454545454545454,2026-05-15 07:41:33
resnet18_advanced,densenet121_advanced,Pixle,500,452,70,0.15486725663716813,0.904,2026-05-15 07:54:29
resnet18_advanced,efficientnet_b0_advanced,Pixle,500,482,8,0.016597510373443983,0.964,2026-05-15 07:54:30
resnet18_advanced,inception_v3_advanced,Pixle,500,472,26,0.05508474576271186,0.944,2026-05-15 07:54:31
resnet18_advanced,mobilenet_v2_advanced,Pixle,500,485,32,0.06597938144329897,0.97,2026-05-15 07:54:31
resnet18_advanced,swin_t_advanced,Pixle,500,438,19,0.04337899543378995,0.876,2026-05-15 07:54:32
resnet18_advanced,densenet121_adv_passive,Pixle,500,490,5,0.01020408163265306,0.98,2026-05-15 07:54:33
resnet18_advanced,efficientnet_b0_adv_passive,Pixle,500,499,2,0.004008016032064128,0.998,2026-05-15 07:54:34
resnet18_advanced,inception_v3_adv_passive,Pixle,500,481,4,0.008316008316008316,0.962,2026-05-15 07:54:35
resnet18_advanced,mobilenet_v2_adv_passive,Pixle,500,494,2,0.004048582995951417,0.988,2026-05-15 07:54:35
resnet18_advanced,resnet18_adv_passive,Pixle,500,489,7,0.014314928425357873,0.978,2026-05-15 07:54:35
resnet18_advanced,swin_t_adv_passive,Pixle,500,491,2,0.004073319755600814,0.982,2026-05-15 07:54:37
resnet18_advanced,densenet121_advanced,Square,500,471,49,0.1040339702760085,0.942,2026-05-15 08:23:59
resnet18_advanced,efficientnet_b0_advanced,Square,500,488,43,0.08811475409836066,0.976,2026-05-15 08:24:00
resnet18_advanced,inception_v3_advanced,Square,500,482,33,0.06846473029045644,0.964,2026-05-15 08:24:01
resnet18_advanced,mobilenet_v2_advanced,Square,500,486,43,0.08847736625514403,0.972,2026-05-15 08:24:01
resnet18_advanced,swin_t_advanced,Square,500,444,40,0.09009009009009009,0.888,2026-05-15 08:24:02
resnet18_advanced,densenet121_adv_passive,Square,500,493,6,0.012170385395537525,0.986,2026-05-15 08:24:03
resnet18_advanced,efficientnet_b0_adv_passive,Square,500,498,5,0.010040160642570281,0.996,2026-05-15 08:24:04
resnet18_advanced,inception_v3_adv_passive,Square,500,488,8,0.01639344262295082,0.976,2026-05-15 08:24:05
resnet18_advanced,mobilenet_v2_adv_passive,Square,500,496,7,0.014112903225806451,0.992,2026-05-15 08:24:05
resnet18_advanced,resnet18_adv_passive,Square,500,491,11,0.02240325865580448,0.982,2026-05-15 08:24:06
resnet18_advanced,swin_t_adv_passive,Square,500,492,8,0.016260162601626018,0.984,2026-05-15 08:24:07
swin_t_advanced,densenet121_advanced,APGD,500,479,23,0.04801670146137787,0.958,2026-05-15 08:28:28
swin_t_advanced,efficientnet_b0_advanced,APGD,500,490,30,0.061224489795918366,0.98,2026-05-15 08:28:29
swin_t_advanced,inception_v3_advanced,APGD,500,490,38,0.07755102040816327,0.98,2026-05-15 08:28:30
swin_t_advanced,mobilenet_v2_advanced,APGD,500,484,40,0.08264462809917356,0.968,2026-05-15 08:28:30
swin_t_advanced,resnet18_advanced,APGD,500,483,18,0.037267080745341616,0.966,2026-05-15 08:28:31
swin_t_advanced,densenet121_adv_passive,APGD,500,497,4,0.008048289738430584,0.994,2026-05-15 08:28:32
swin_t_advanced,efficientnet_b0_adv_passive,APGD,500,499,1,0.002004008016032064,0.998,2026-05-15 08:28:32
swin_t_advanced,inception_v3_adv_passive,APGD,500,490,6,0.012244897959183673,0.98,2026-05-15 08:28:33
swin_t_advanced,mobilenet_v2_adv_passive,APGD,500,498,5,0.010040160642570281,0.996,2026-05-15 08:28:33
swin_t_advanced,resnet18_adv_passive,APGD,500,496,5,0.010080645161290322,0.992,2026-05-15 08:28:34
swin_t_advanced,swin_t_adv_passive,APGD,500,496,21,0.04233870967741935,0.992,2026-05-15 08:28:35
swin_t_advanced,densenet121_advanced,APGDT,500,482,11,0.022821576763485476,0.964,2026-05-15 08:33:15
swin_t_advanced,efficientnet_b0_advanced,APGDT,500,486,38,0.07818930041152264,0.972,2026-05-15 08:33:15
swin_t_advanced,inception_v3_advanced,APGDT,500,485,22,0.04536082474226804,0.97,2026-05-15 08:33:16
swin_t_advanced,mobilenet_v2_advanced,APGDT,500,486,40,0.0823045267489712,0.972,2026-05-15 08:33:17
swin_t_advanced,resnet18_advanced,APGDT,500,479,12,0.025052192066805846,0.958,2026-05-15 08:33:17
swin_t_advanced,densenet121_adv_passive,APGDT,500,495,8,0.01616161616161616,0.99,2026-05-15 08:33:18
swin_t_advanced,efficientnet_b0_adv_passive,APGDT,500,499,4,0.008016032064128256,0.998,2026-05-15 08:33:18
swin_t_advanced,inception_v3_adv_passive,APGDT,500,490,7,0.014285714285714285,0.98,2026-05-15 08:33:19
swin_t_advanced,mobilenet_v2_adv_passive,APGDT,500,496,7,0.014112903225806451,0.992,2026-05-15 08:33:20
swin_t_advanced,resnet18_adv_passive,APGDT,500,497,5,0.01006036217303823,0.994,2026-05-15 08:33:20
swin_t_advanced,swin_t_adv_passive,APGDT,500,494,16,0.032388663967611336,0.988,2026-05-15 08:33:21
swin_t_advanced,densenet121_advanced,BIM,500,482,18,0.03734439834024896,0.964,2026-05-15 08:36:58
swin_t_advanced,efficientnet_b0_advanced,BIM,500,486,41,0.08436213991769548,0.972,2026-05-15 08:36:59
swin_t_advanced,inception_v3_advanced,BIM,500,485,26,0.05360824742268041,0.97,2026-05-15 08:37:00
swin_t_advanced,mobilenet_v2_advanced,BIM,500,486,47,0.09670781893004116,0.972,2026-05-15 08:37:00
swin_t_advanced,resnet18_advanced,BIM,500,479,15,0.031315240083507306,0.958,2026-05-15 08:37:01
swin_t_advanced,densenet121_adv_passive,BIM,500,495,6,0.012121212121212121,0.99,2026-05-15 08:37:01
swin_t_advanced,efficientnet_b0_adv_passive,BIM,500,499,5,0.01002004008016032,0.998,2026-05-15 08:37:02
swin_t_advanced,inception_v3_adv_passive,BIM,500,490,6,0.012244897959183673,0.98,2026-05-15 08:37:03
swin_t_advanced,mobilenet_v2_adv_passive,BIM,500,496,6,0.012096774193548387,0.992,2026-05-15 08:37:03
swin_t_advanced,resnet18_adv_passive,BIM,500,497,3,0.006036217303822937,0.994,2026-05-15 08:37:04
swin_t_advanced,swin_t_adv_passive,BIM,500,494,20,0.04048582995951417,0.988,2026-05-15 08:37:05
swin_t_advanced,densenet121_advanced,CW,500,482,1,0.002074688796680498,0.964,2026-05-15 08:46:20
swin_t_advanced,efficientnet_b0_advanced,CW,500,488,0,0.0,0.976,2026-05-15 08:46:21
swin_t_advanced,inception_v3_advanced,CW,500,488,3,0.006147540983606557,0.976,2026-05-15 08:46:22
swin_t_advanced,mobilenet_v2_advanced,CW,500,493,2,0.004056795131845842,0.986,2026-05-15 08:46:22
swin_t_advanced,resnet18_advanced,CW,500,489,1,0.002044989775051125,0.978,2026-05-15 08:46:23
swin_t_advanced,densenet121_adv_passive,CW,500,495,0,0.0,0.99,2026-05-15 08:46:24
swin_t_advanced,efficientnet_b0_adv_passive,CW,500,498,1,0.002008032128514056,0.996,2026-05-15 08:46:24
swin_t_advanced,inception_v3_adv_passive,CW,500,492,0,0.0,0.984,2026-05-15 08:46:25
swin_t_advanced,mobilenet_v2_adv_passive,CW,500,497,0,0.0,0.994,2026-05-15 08:46:25
swin_t_advanced,resnet18_adv_passive,CW,500,493,1,0.002028397565922921,0.986,2026-05-15 08:46:26
swin_t_advanced,swin_t_adv_passive,CW,500,497,1,0.002012072434607646,0.994,2026-05-15 08:46:27
swin_t_advanced,densenet121_advanced,DeepFool,500,479,2,0.0041753653444676405,0.958,2026-05-15 08:52:16
swin_t_advanced,efficientnet_b0_advanced,DeepFool,500,488,0,0.0,0.976,2026-05-15 08:52:16
swin_t_advanced,inception_v3_advanced,DeepFool,500,485,0,0.0,0.97,2026-05-15 08:52:17
swin_t_advanced,mobilenet_v2_advanced,DeepFool,500,488,1,0.0020491803278688526,0.976,2026-05-15 08:52:18
swin_t_advanced,resnet18_advanced,DeepFool,500,483,0,0.0,0.966,2026-05-15 08:52:18
swin_t_advanced,densenet121_adv_passive,DeepFool,500,493,0,0.0,0.986,2026-05-15 08:52:19
swin_t_advanced,efficientnet_b0_adv_passive,DeepFool,500,499,0,0.0,0.998,2026-05-15 08:52:20
swin_t_advanced,inception_v3_adv_passive,DeepFool,500,491,0,0.0,0.982,2026-05-15 08:52:21
swin_t_advanced,mobilenet_v2_adv_passive,DeepFool,500,498,0,0.0,0.996,2026-05-15 08:52:21
swin_t_advanced,resnet18_adv_passive,DeepFool,500,495,0,0.0,0.99,2026-05-15 08:52:21
swin_t_advanced,swin_t_adv_passive,DeepFool,500,493,0,0.0,0.986,2026-05-15 08:52:23
swin_t_advanced,densenet121_advanced,DIFGSM,500,480,42,0.0875,0.96,2026-05-15 08:55:59
swin_t_advanced,efficientnet_b0_advanced,DIFGSM,500,482,49,0.1016597510373444,0.964,2026-05-15 08:56:00
swin_t_advanced,inception_v3_advanced,DIFGSM,500,488,73,0.14959016393442623,0.976,2026-05-15 08:56:01
swin_t_advanced,mobilenet_v2_advanced,DIFGSM,500,486,69,0.1419753086419753,0.972,2026-05-15 08:56:01
swin_t_advanced,resnet18_advanced,DIFGSM,500,481,38,0.079002079002079,0.962,2026-05-15 08:56:02
swin_t_advanced,densenet121_adv_passive,DIFGSM,500,492,3,0.006097560975609756,0.984,2026-05-15 08:56:03
swin_t_advanced,efficientnet_b0_adv_passive,DIFGSM,500,500,5,0.01,1.0,2026-05-15 08:56:03
swin_t_advanced,inception_v3_adv_passive,DIFGSM,500,492,12,0.024390243902439025,0.984,2026-05-15 08:56:04
swin_t_advanced,mobilenet_v2_adv_passive,DIFGSM,500,499,15,0.03006012024048096,0.998,2026-05-15 08:56:05
swin_t_advanced,resnet18_adv_passive,DIFGSM,500,494,5,0.010121457489878543,0.988,2026-05-15 08:56:05
swin_t_advanced,swin_t_adv_passive,DIFGSM,500,489,32,0.065439672801636,0.978,2026-05-15 08:56:06
swin_t_advanced,densenet121_advanced,EADEN,500,477,0,0.0,0.954,2026-05-15 09:43:58
swin_t_advanced,efficientnet_b0_advanced,EADEN,500,488,2,0.004098360655737705,0.976,2026-05-15 09:43:58
swin_t_advanced,inception_v3_advanced,EADEN,500,487,2,0.004106776180698152,0.974,2026-05-15 09:43:59
swin_t_advanced,mobilenet_v2_advanced,EADEN,500,491,1,0.002036659877800407,0.982,2026-05-15 09:44:00
swin_t_advanced,resnet18_advanced,EADEN,500,488,2,0.004098360655737705,0.976,2026-05-15 09:44:00
swin_t_advanced,densenet121_adv_passive,EADEN,500,497,0,0.0,0.994,2026-05-15 09:44:01
swin_t_advanced,efficientnet_b0_adv_passive,EADEN,500,500,0,0.0,1.0,2026-05-15 09:44:02
swin_t_advanced,inception_v3_adv_passive,EADEN,500,492,0,0.0,0.984,2026-05-15 09:44:03
swin_t_advanced,mobilenet_v2_adv_passive,EADEN,500,497,0,0.0,0.994,2026-05-15 09:44:03
swin_t_advanced,resnet18_adv_passive,EADEN,500,497,0,0.0,0.994,2026-05-15 09:44:04
swin_t_advanced,swin_t_adv_passive,EADEN,500,490,0,0.0,0.98,2026-05-15 09:44:05
swin_t_advanced,densenet121_advanced,EADL1,500,477,0,0.0,0.954,2026-05-15 10:26:18
swin_t_advanced,efficientnet_b0_advanced,EADL1,500,487,1,0.002053388090349076,0.974,2026-05-15 10:26:19
swin_t_advanced,inception_v3_advanced,EADL1,500,481,1,0.002079002079002079,0.962,2026-05-15 10:26:20
swin_t_advanced,mobilenet_v2_advanced,EADL1,500,485,1,0.002061855670103093,0.97,2026-05-15 10:26:20
swin_t_advanced,resnet18_advanced,EADL1,500,483,1,0.002070393374741201,0.966,2026-05-15 10:26:21
swin_t_advanced,densenet121_adv_passive,EADL1,500,496,0,0.0,0.992,2026-05-15 10:26:22
swin_t_advanced,efficientnet_b0_adv_passive,EADL1,500,499,0,0.0,0.998,2026-05-15 10:26:22
swin_t_advanced,inception_v3_adv_passive,EADL1,500,489,1,0.002044989775051125,0.978,2026-05-15 10:26:23
swin_t_advanced,mobilenet_v2_adv_passive,EADL1,500,498,0,0.0,0.996,2026-05-15 10:26:24
swin_t_advanced,resnet18_adv_passive,EADL1,500,492,0,0.0,0.984,2026-05-15 10:26:24
swin_t_advanced,swin_t_adv_passive,EADL1,500,494,0,0.0,0.988,2026-05-15 10:26:25
swin_t_advanced,densenet121_advanced,EOTPGD,500,483,17,0.035196687370600416,0.966,2026-05-15 10:32:40
swin_t_advanced,efficientnet_b0_advanced,EOTPGD,500,484,39,0.08057851239669421,0.968,2026-05-15 10:32:41
swin_t_advanced,inception_v3_advanced,EOTPGD,500,490,33,0.0673469387755102,0.98,2026-05-15 10:32:42
swin_t_advanced,mobilenet_v2_advanced,EOTPGD,500,486,45,0.09259259259259259,0.972,2026-05-15 10:32:42
swin_t_advanced,resnet18_advanced,EOTPGD,500,484,21,0.04338842975206612,0.968,2026-05-15 10:32:43
swin_t_advanced,densenet121_adv_passive,EOTPGD,500,494,4,0.008097165991902834,0.988,2026-05-15 10:32:44
swin_t_advanced,efficientnet_b0_adv_passive,EOTPGD,500,499,4,0.008016032064128256,0.998,2026-05-15 10:32:44
swin_t_advanced,inception_v3_adv_passive,EOTPGD,500,490,7,0.014285714285714285,0.98,2026-05-15 10:32:45
swin_t_advanced,mobilenet_v2_adv_passive,EOTPGD,500,496,6,0.012096774193548387,0.992,2026-05-15 10:32:45
swin_t_advanced,resnet18_adv_passive,EOTPGD,500,494,7,0.01417004048582996,0.988,2026-05-15 10:32:46
swin_t_advanced,swin_t_adv_passive,EOTPGD,500,496,29,0.05846774193548387,0.992,2026-05-15 10:32:47
swin_t_advanced,densenet121_advanced,FAB,500,484,2,0.004132231404958678,0.968,2026-05-15 10:55:03
swin_t_advanced,efficientnet_b0_advanced,FAB,500,485,1,0.002061855670103093,0.97,2026-05-15 10:55:04
swin_t_advanced,inception_v3_advanced,FAB,500,489,1,0.002044989775051125,0.978,2026-05-15 10:55:05
swin_t_advanced,mobilenet_v2_advanced,FAB,500,487,0,0.0,0.974,2026-05-15 10:55:05
swin_t_advanced,resnet18_advanced,FAB,500,479,0,0.0,0.958,2026-05-15 10:55:06
swin_t_advanced,densenet121_adv_passive,FAB,500,497,0,0.0,0.994,2026-05-15 10:55:06
swin_t_advanced,efficientnet_b0_adv_passive,FAB,500,498,0,0.0,0.996,2026-05-15 10:55:07
swin_t_advanced,inception_v3_adv_passive,FAB,500,493,0,0.0,0.986,2026-05-15 10:55:08
swin_t_advanced,mobilenet_v2_adv_passive,FAB,500,494,0,0.0,0.988,2026-05-15 10:55:08
swin_t_advanced,resnet18_adv_passive,FAB,500,493,0,0.0,0.986,2026-05-15 10:55:09
swin_t_advanced,swin_t_adv_passive,FAB,500,493,0,0.0,0.986,2026-05-15 10:55:10
swin_t_advanced,densenet121_advanced,FFGSM,500,475,37,0.07789473684210527,0.95,2026-05-15 10:55:44
swin_t_advanced,efficientnet_b0_advanced,FFGSM,500,482,43,0.08921161825726141,0.964,2026-05-15 10:55:45
swin_t_advanced,inception_v3_advanced,FFGSM,500,485,55,0.1134020618556701,0.97,2026-05-15 10:55:46
swin_t_advanced,mobilenet_v2_advanced,FFGSM,500,489,48,0.09815950920245399,0.978,2026-05-15 10:55:46
swin_t_advanced,resnet18_advanced,FFGSM,500,482,25,0.05186721991701245,0.964,2026-05-15 10:55:47
swin_t_advanced,densenet121_adv_passive,FFGSM,500,497,9,0.018108651911468814,0.994,2026-05-15 10:55:48
swin_t_advanced,efficientnet_b0_adv_passive,FFGSM,500,499,3,0.006012024048096192,0.998,2026-05-15 10:55:48
swin_t_advanced,inception_v3_adv_passive,FFGSM,500,489,6,0.012269938650306749,0.978,2026-05-15 10:55:49
swin_t_advanced,mobilenet_v2_adv_passive,FFGSM,500,496,13,0.02620967741935484,0.992,2026-05-15 10:55:50
swin_t_advanced,resnet18_adv_passive,FFGSM,500,490,8,0.0163265306122449,0.98,2026-05-15 10:55:50
swin_t_advanced,swin_t_adv_passive,FFGSM,500,494,29,0.058704453441295545,0.988,2026-05-15 10:55:51
swin_t_advanced,densenet121_advanced,FGSM,500,481,41,0.08523908523908524,0.962,2026-05-15 10:56:26
swin_t_advanced,efficientnet_b0_advanced,FGSM,500,484,69,0.14256198347107438,0.968,2026-05-15 10:56:26
swin_t_advanced,inception_v3_advanced,FGSM,500,483,55,0.11387163561076605,0.966,2026-05-15 10:56:27
swin_t_advanced,mobilenet_v2_advanced,FGSM,500,485,73,0.15051546391752577,0.97,2026-05-15 10:56:28
swin_t_advanced,resnet18_advanced,FGSM,500,487,42,0.08624229979466119,0.974,2026-05-15 10:56:28
swin_t_advanced,densenet121_adv_passive,FGSM,500,492,9,0.018292682926829267,0.984,2026-05-15 10:56:29
swin_t_advanced,efficientnet_b0_adv_passive,FGSM,500,498,5,0.010040160642570281,0.996,2026-05-15 10:56:30
swin_t_advanced,inception_v3_adv_passive,FGSM,500,491,7,0.014256619144602852,0.982,2026-05-15 10:56:31
swin_t_advanced,mobilenet_v2_adv_passive,FGSM,500,496,13,0.02620967741935484,0.992,2026-05-15 10:56:31
swin_t_advanced,resnet18_adv_passive,FGSM,500,493,4,0.008113590263691683,0.986,2026-05-15 10:56:32
swin_t_advanced,swin_t_adv_passive,FGSM,500,496,43,0.08669354838709678,0.992,2026-05-15 10:56:33
swin_t_advanced,densenet121_advanced,GN,500,471,241,0.5116772823779193,0.942,2026-05-15 10:57:07
swin_t_advanced,efficientnet_b0_advanced,GN,500,479,325,0.6784968684759917,0.958,2026-05-15 10:57:07
swin_t_advanced,inception_v3_advanced,GN,500,482,295,0.6120331950207469,0.964,2026-05-15 10:57:08
swin_t_advanced,mobilenet_v2_advanced,GN,500,475,258,0.5431578947368421,0.95,2026-05-15 10:57:09
swin_t_advanced,resnet18_advanced,GN,500,473,303,0.6405919661733616,0.946,2026-05-15 10:57:09
swin_t_advanced,densenet121_adv_passive,GN,500,493,40,0.08113590263691683,0.986,2026-05-15 10:57:10
swin_t_advanced,efficientnet_b0_adv_passive,GN,500,498,309,0.6204819277108434,0.996,2026-05-15 10:57:11
swin_t_advanced,inception_v3_adv_passive,GN,500,485,41,0.08453608247422681,0.97,2026-05-15 10:57:12
swin_t_advanced,mobilenet_v2_adv_passive,GN,500,492,73,0.1483739837398374,0.984,2026-05-15 10:57:12
swin_t_advanced,resnet18_adv_passive,GN,500,492,22,0.044715447154471545,0.984,2026-05-15 10:57:13
swin_t_advanced,swin_t_adv_passive,GN,500,495,40,0.08080808080808081,0.99,2026-05-15 10:57:14
swin_t_advanced,densenet121_advanced,Jitter,500,482,15,0.03112033195020747,0.964,2026-05-15 11:00:55
swin_t_advanced,efficientnet_b0_advanced,Jitter,500,489,20,0.0408997955010225,0.978,2026-05-15 11:00:56
swin_t_advanced,inception_v3_advanced,Jitter,500,485,14,0.0288659793814433,0.97,2026-05-15 11:00:57
swin_t_advanced,mobilenet_v2_advanced,Jitter,500,491,17,0.034623217922606926,0.982,2026-05-15 11:00:57
swin_t_advanced,resnet18_advanced,Jitter,500,489,10,0.02044989775051125,0.978,2026-05-15 11:00:58
swin_t_advanced,densenet121_adv_passive,Jitter,500,496,2,0.004032258064516129,0.992,2026-05-15 11:00:58
swin_t_advanced,efficientnet_b0_adv_passive,Jitter,500,499,3,0.006012024048096192,0.998,2026-05-15 11:00:59
swin_t_advanced,inception_v3_adv_passive,Jitter,500,492,4,0.008130081300813009,0.984,2026-05-15 11:01:00
swin_t_advanced,mobilenet_v2_adv_passive,Jitter,500,499,3,0.006012024048096192,0.998,2026-05-15 11:01:00
swin_t_advanced,resnet18_adv_passive,Jitter,500,498,3,0.006024096385542169,0.996,2026-05-15 11:01:01
swin_t_advanced,swin_t_adv_passive,Jitter,500,496,3,0.006048387096774193,0.992,2026-05-15 11:01:02
swin_t_advanced,densenet121_advanced,MIFGSM,500,480,35,0.07291666666666667,0.96,2026-05-15 11:04:27
swin_t_advanced,efficientnet_b0_advanced,MIFGSM,500,481,56,0.11642411642411643,0.962,2026-05-15 11:04:28
swin_t_advanced,inception_v3_advanced,MIFGSM,500,486,66,0.13580246913580246,0.972,2026-05-15 11:04:29
swin_t_advanced,mobilenet_v2_advanced,MIFGSM,500,484,57,0.11776859504132231,0.968,2026-05-15 11:04:29
swin_t_advanced,resnet18_advanced,MIFGSM,500,484,38,0.07851239669421488,0.968,2026-05-15 11:04:30
swin_t_advanced,densenet121_adv_passive,MIFGSM,500,492,5,0.01016260162601626,0.984,2026-05-15 11:04:31
swin_t_advanced,efficientnet_b0_adv_passive,MIFGSM,500,497,6,0.012072434607645875,0.994,2026-05-15 11:04:32
swin_t_advanced,inception_v3_adv_passive,MIFGSM,500,484,12,0.024793388429752067,0.968,2026-05-15 11:04:32
swin_t_advanced,mobilenet_v2_adv_passive,MIFGSM,500,497,16,0.03219315895372234,0.994,2026-05-15 11:04:33
swin_t_advanced,resnet18_adv_passive,MIFGSM,500,490,9,0.018367346938775512,0.98,2026-05-15 11:04:33
swin_t_advanced,swin_t_adv_passive,MIFGSM,500,497,56,0.11267605633802817,0.994,2026-05-15 11:04:35
swin_t_advanced,densenet121_advanced,NIFGSM,500,481,45,0.09355509355509356,0.962,2026-05-15 11:08:00
swin_t_advanced,efficientnet_b0_advanced,NIFGSM,500,488,67,0.13729508196721313,0.976,2026-05-15 11:08:00
swin_t_advanced,inception_v3_advanced,NIFGSM,500,489,60,0.12269938650306748,0.978,2026-05-15 11:08:01
swin_t_advanced,mobilenet_v2_advanced,NIFGSM,500,486,64,0.13168724279835392,0.972,2026-05-15 11:08:02
swin_t_advanced,resnet18_advanced,NIFGSM,500,486,42,0.08641975308641975,0.972,2026-05-15 11:08:02
swin_t_advanced,densenet121_adv_passive,NIFGSM,500,491,10,0.020366598778004074,0.982,2026-05-15 11:08:03
swin_t_advanced,efficientnet_b0_adv_passive,NIFGSM,500,498,1,0.002008032128514056,0.996,2026-05-15 11:08:04
swin_t_advanced,inception_v3_adv_passive,NIFGSM,500,490,10,0.02040816326530612,0.98,2026-05-15 11:08:05
swin_t_advanced,mobilenet_v2_adv_passive,NIFGSM,500,496,12,0.024193548387096774,0.992,2026-05-15 11:08:05
swin_t_advanced,resnet18_adv_passive,NIFGSM,500,492,8,0.016260162601626018,0.984,2026-05-15 11:08:06
swin_t_advanced,swin_t_adv_passive,NIFGSM,500,496,58,0.11693548387096774,0.992,2026-05-15 11:08:07
swin_t_advanced,densenet121_advanced,PGD,500,481,30,0.062370062370062374,0.962,2026-05-15 11:11:31
swin_t_advanced,efficientnet_b0_advanced,PGD,500,481,29,0.060291060291060294,0.962,2026-05-15 11:11:32
swin_t_advanced,inception_v3_advanced,PGD,500,486,30,0.06172839506172839,0.972,2026-05-15 11:11:33
swin_t_advanced,mobilenet_v2_advanced,PGD,500,483,39,0.08074534161490683,0.966,2026-05-15 11:11:33
swin_t_advanced,resnet18_advanced,PGD,500,482,26,0.05394190871369295,0.964,2026-05-15 11:11:34
swin_t_advanced,densenet121_adv_passive,PGD,500,490,2,0.004081632653061225,0.98,2026-05-15 11:11:35
swin_t_advanced,efficientnet_b0_adv_passive,PGD,500,497,5,0.01006036217303823,0.994,2026-05-15 11:11:35
swin_t_advanced,inception_v3_adv_passive,PGD,500,490,7,0.014285714285714285,0.98,2026-05-15 11:11:36
swin_t_advanced,mobilenet_v2_adv_passive,PGD,500,495,9,0.01818181818181818,0.99,2026-05-15 11:11:37
swin_t_advanced,resnet18_adv_passive,PGD,500,491,5,0.010183299389002037,0.982,2026-05-15 11:11:37
swin_t_advanced,swin_t_adv_passive,PGD,500,495,30,0.06060606060606061,0.99,2026-05-15 11:11:38
swin_t_advanced,densenet121_advanced,PGDL2,500,482,9,0.01867219917012448,0.964,2026-05-15 11:15:23
swin_t_advanced,efficientnet_b0_advanced,PGDL2,500,490,1,0.0020408163265306124,0.98,2026-05-15 11:15:23
swin_t_advanced,inception_v3_advanced,PGDL2,500,485,5,0.010309278350515464,0.97,2026-05-15 11:15:24
swin_t_advanced,mobilenet_v2_advanced,PGDL2,500,485,2,0.004123711340206186,0.97,2026-05-15 11:15:25
swin_t_advanced,resnet18_advanced,PGDL2,500,481,5,0.010395010395010396,0.962,2026-05-15 11:15:25
swin_t_advanced,densenet121_adv_passive,PGDL2,500,494,1,0.0020242914979757085,0.988,2026-05-15 11:15:26
swin_t_advanced,efficientnet_b0_adv_passive,PGDL2,500,497,0,0.0,0.994,2026-05-15 11:15:27
swin_t_advanced,inception_v3_adv_passive,PGDL2,500,489,0,0.0,0.978,2026-05-15 11:15:28
swin_t_advanced,mobilenet_v2_adv_passive,PGDL2,500,496,2,0.004032258064516129,0.992,2026-05-15 11:15:28
swin_t_advanced,resnet18_adv_passive,PGDL2,500,496,0,0.0,0.992,2026-05-15 11:15:29
swin_t_advanced,swin_t_adv_passive,PGDL2,500,496,2,0.004032258064516129,0.992,2026-05-15 11:15:30
swin_t_advanced,densenet121_advanced,PGDRS,500,479,24,0.05010438413361169,0.958,2026-05-15 11:21:53
swin_t_advanced,efficientnet_b0_advanced,PGDRS,500,489,47,0.09611451942740286,0.978,2026-05-15 11:21:53
swin_t_advanced,inception_v3_advanced,PGDRS,500,485,35,0.07216494845360824,0.97,2026-05-15 11:21:54
swin_t_advanced,mobilenet_v2_advanced,PGDRS,500,491,58,0.11812627291242363,0.982,2026-05-15 11:21:55
swin_t_advanced,resnet18_advanced,PGDRS,500,483,28,0.057971014492753624,0.966,2026-05-15 11:21:55
swin_t_advanced,densenet121_adv_passive,PGDRS,500,497,9,0.018108651911468814,0.994,2026-05-15 11:21:56
swin_t_advanced,efficientnet_b0_adv_passive,PGDRS,500,499,1,0.002004008016032064,0.998,2026-05-15 11:21:57
swin_t_advanced,inception_v3_adv_passive,PGDRS,500,487,6,0.012320328542094456,0.974,2026-05-15 11:21:58
swin_t_advanced,mobilenet_v2_adv_passive,PGDRS,500,497,5,0.01006036217303823,0.994,2026-05-15 11:21:58
swin_t_advanced,resnet18_adv_passive,PGDRS,500,495,9,0.01818181818181818,0.99,2026-05-15 11:21:59
swin_t_advanced,swin_t_adv_passive,PGDRS,500,489,27,0.05521472392638037,0.978,2026-05-15 11:22:00
swin_t_advanced,densenet121_advanced,PGDRSL2,500,475,2,0.004210526315789474,0.95,2026-05-15 11:28:15
swin_t_advanced,efficientnet_b0_advanced,PGDRSL2,500,481,1,0.002079002079002079,0.962,2026-05-15 11:28:15
swin_t_advanced,inception_v3_advanced,PGDRSL2,500,472,3,0.006355932203389831,0.944,2026-05-15 11:28:16
swin_t_advanced,mobilenet_v2_advanced,PGDRSL2,500,481,3,0.006237006237006237,0.962,2026-05-15 11:28:17
swin_t_advanced,resnet18_advanced,PGDRSL2,500,474,0,0.0,0.948,2026-05-15 11:28:17
swin_t_advanced,densenet121_adv_passive,PGDRSL2,500,491,1,0.002036659877800407,0.982,2026-05-15 11:28:18
swin_t_advanced,efficientnet_b0_adv_passive,PGDRSL2,500,499,0,0.0,0.998,2026-05-15 11:28:19
swin_t_advanced,inception_v3_adv_passive,PGDRSL2,500,483,2,0.004140786749482402,0.966,2026-05-15 11:28:20
swin_t_advanced,mobilenet_v2_adv_passive,PGDRSL2,500,493,0,0.0,0.986,2026-05-15 11:28:20
swin_t_advanced,resnet18_adv_passive,PGDRSL2,500,493,3,0.006085192697768763,0.986,2026-05-15 11:28:20
swin_t_advanced,swin_t_adv_passive,PGDRSL2,500,493,2,0.004056795131845842,0.986,2026-05-15 11:28:22
swin_t_advanced,densenet121_advanced,RFGSM,500,487,23,0.04722792607802875,0.974,2026-05-15 11:31:45
swin_t_advanced,efficientnet_b0_advanced,RFGSM,500,484,30,0.06198347107438017,0.968,2026-05-15 11:31:46
swin_t_advanced,inception_v3_advanced,RFGSM,500,490,38,0.07755102040816327,0.98,2026-05-15 11:31:47
swin_t_advanced,mobilenet_v2_advanced,RFGSM,500,488,40,0.08196721311475409,0.976,2026-05-15 11:31:47
swin_t_advanced,resnet18_advanced,RFGSM,500,485,20,0.041237113402061855,0.97,2026-05-15 11:31:48
swin_t_advanced,densenet121_adv_passive,RFGSM,500,494,2,0.004048582995951417,0.988,2026-05-15 11:31:49
swin_t_advanced,efficientnet_b0_adv_passive,RFGSM,500,499,0,0.0,0.998,2026-05-15 11:31:49
swin_t_advanced,inception_v3_adv_passive,RFGSM,500,492,6,0.012195121951219513,0.984,2026-05-15 11:31:50
swin_t_advanced,mobilenet_v2_adv_passive,RFGSM,500,497,5,0.01006036217303823,0.994,2026-05-15 11:31:51
swin_t_advanced,resnet18_adv_passive,RFGSM,500,496,4,0.008064516129032258,0.992,2026-05-15 11:31:51
swin_t_advanced,swin_t_adv_passive,RFGSM,500,495,17,0.03434343434343434,0.99,2026-05-15 11:31:52
swin_t_advanced,densenet121_advanced,SINIFGSM,500,478,29,0.060669456066945605,0.956,2026-05-15 11:46:52
swin_t_advanced,efficientnet_b0_advanced,SINIFGSM,500,489,68,0.1390593047034765,0.978,2026-05-15 11:46:53
swin_t_advanced,inception_v3_advanced,SINIFGSM,500,483,58,0.12008281573498965,0.966,2026-05-15 11:46:54
swin_t_advanced,mobilenet_v2_advanced,SINIFGSM,500,485,76,0.15670103092783505,0.97,2026-05-15 11:46:55
swin_t_advanced,resnet18_advanced,SINIFGSM,500,487,46,0.0944558521560575,0.974,2026-05-15 11:46:55
swin_t_advanced,densenet121_adv_passive,SINIFGSM,500,495,9,0.01818181818181818,0.99,2026-05-15 11:46:56
swin_t_advanced,efficientnet_b0_adv_passive,SINIFGSM,500,498,1,0.002008032128514056,0.996,2026-05-15 11:46:57
swin_t_advanced,inception_v3_adv_passive,SINIFGSM,500,488,7,0.014344262295081968,0.976,2026-05-15 11:46:58
swin_t_advanced,mobilenet_v2_adv_passive,SINIFGSM,500,499,14,0.028056112224448898,0.998,2026-05-15 11:46:58
swin_t_advanced,resnet18_adv_passive,SINIFGSM,500,491,7,0.014256619144602852,0.982,2026-05-15 11:46:59
swin_t_advanced,swin_t_adv_passive,SINIFGSM,500,498,25,0.050200803212851405,0.996,2026-05-15 11:47:00
swin_t_advanced,densenet121_advanced,SPSA,500,471,8,0.016985138004246284,0.942,2026-05-15 12:08:01
swin_t_advanced,efficientnet_b0_advanced,SPSA,500,482,22,0.04564315352697095,0.964,2026-05-15 12:08:02
swin_t_advanced,inception_v3_advanced,SPSA,500,481,20,0.04158004158004158,0.962,2026-05-15 12:08:03
swin_t_advanced,mobilenet_v2_advanced,SPSA,500,486,18,0.037037037037037035,0.972,2026-05-15 12:08:03
swin_t_advanced,resnet18_advanced,SPSA,500,475,12,0.02526315789473684,0.95,2026-05-15 12:08:04
swin_t_advanced,densenet121_adv_passive,SPSA,500,495,2,0.00404040404040404,0.99,2026-05-15 12:08:05
swin_t_advanced,efficientnet_b0_adv_passive,SPSA,500,496,3,0.006048387096774193,0.992,2026-05-15 12:08:05
swin_t_advanced,inception_v3_adv_passive,SPSA,500,488,4,0.00819672131147541,0.976,2026-05-15 12:08:06
swin_t_advanced,mobilenet_v2_adv_passive,SPSA,500,496,4,0.008064516129032258,0.992,2026-05-15 12:08:07
swin_t_advanced,resnet18_adv_passive,SPSA,500,492,2,0.0040650406504065045,0.984,2026-05-15 12:08:07
swin_t_advanced,swin_t_adv_passive,SPSA,500,492,2,0.0040650406504065045,0.984,2026-05-15 12:08:08
swin_t_advanced,densenet121_advanced,TIFGSM,500,476,60,0.12605042016806722,0.952,2026-05-15 12:11:35
swin_t_advanced,efficientnet_b0_advanced,TIFGSM,500,488,33,0.06762295081967214,0.976,2026-05-15 12:11:35
swin_t_advanced,inception_v3_advanced,TIFGSM,500,491,46,0.09368635437881874,0.982,2026-05-15 12:11:36
swin_t_advanced,mobilenet_v2_advanced,TIFGSM,500,489,41,0.08384458077709611,0.978,2026-05-15 12:11:37
swin_t_advanced,resnet18_advanced,TIFGSM,500,486,36,0.07407407407407407,0.972,2026-05-15 12:11:37
swin_t_advanced,densenet121_adv_passive,TIFGSM,500,493,5,0.010141987829614604,0.986,2026-05-15 12:11:38
swin_t_advanced,efficientnet_b0_adv_passive,TIFGSM,500,499,1,0.002004008016032064,0.998,2026-05-15 12:11:39
swin_t_advanced,inception_v3_adv_passive,TIFGSM,500,493,12,0.02434077079107505,0.986,2026-05-15 12:11:39
swin_t_advanced,mobilenet_v2_adv_passive,TIFGSM,500,497,7,0.014084507042253521,0.994,2026-05-15 12:11:40
swin_t_advanced,resnet18_adv_passive,TIFGSM,500,489,9,0.018404907975460124,0.978,2026-05-15 12:11:40
swin_t_advanced,swin_t_adv_passive,TIFGSM,500,495,4,0.00808080808080808,0.99,2026-05-15 12:11:42
swin_t_advanced,densenet121_advanced,TPGD,500,484,22,0.045454545454545456,0.968,2026-05-15 12:16:32
swin_t_advanced,efficientnet_b0_advanced,TPGD,500,488,46,0.0942622950819672,0.976,2026-05-15 12:16:32
swin_t_advanced,inception_v3_advanced,TPGD,500,479,28,0.05845511482254697,0.958,2026-05-15 12:16:33
swin_t_advanced,mobilenet_v2_advanced,TPGD,500,484,36,0.0743801652892562,0.968,2026-05-15 12:16:34
swin_t_advanced,resnet18_advanced,TPGD,500,482,23,0.04771784232365145,0.964,2026-05-15 12:16:34
swin_t_advanced,densenet121_adv_passive,TPGD,500,495,6,0.012121212121212121,0.99,2026-05-15 12:16:35
swin_t_advanced,efficientnet_b0_adv_passive,TPGD,500,498,6,0.012048192771084338,0.996,2026-05-15 12:16:36
swin_t_advanced,inception_v3_adv_passive,TPGD,500,489,5,0.010224948875255624,0.978,2026-05-15 12:16:37
swin_t_advanced,mobilenet_v2_adv_passive,TPGD,500,498,12,0.024096385542168676,0.996,2026-05-15 12:16:37
swin_t_advanced,resnet18_adv_passive,TPGD,500,494,7,0.01417004048582996,0.988,2026-05-15 12:16:37
swin_t_advanced,swin_t_adv_passive,TPGD,500,495,25,0.050505050505050504,0.99,2026-05-15 12:16:39
swin_t_advanced,densenet121_advanced,UPGD,500,486,33,0.06790123456790123,0.972,2026-05-15 12:20:01
swin_t_advanced,efficientnet_b0_advanced,UPGD,500,490,65,0.1326530612244898,0.98,2026-05-15 12:20:02
swin_t_advanced,inception_v3_advanced,UPGD,500,487,58,0.11909650924024641,0.974,2026-05-15 12:20:03
swin_t_advanced,mobilenet_v2_advanced,UPGD,500,485,78,0.16082474226804125,0.97,2026-05-15 12:20:03
swin_t_advanced,resnet18_advanced,UPGD,500,483,38,0.07867494824016563,0.966,2026-05-15 12:20:04
swin_t_advanced,densenet121_adv_passive,UPGD,500,497,8,0.01609657947686117,0.994,2026-05-15 12:20:05
swin_t_advanced,efficientnet_b0_adv_passive,UPGD,500,499,3,0.006012024048096192,0.998,2026-05-15 12:20:05
swin_t_advanced,inception_v3_adv_passive,UPGD,500,490,12,0.024489795918367346,0.98,2026-05-15 12:20:06
swin_t_advanced,mobilenet_v2_adv_passive,UPGD,500,498,7,0.014056224899598393,0.996,2026-05-15 12:20:07
swin_t_advanced,resnet18_adv_passive,UPGD,500,496,2,0.004032258064516129,0.992,2026-05-15 12:20:07
swin_t_advanced,swin_t_adv_passive,UPGD,500,498,45,0.09036144578313253,0.996,2026-05-15 12:20:08
swin_t_advanced,densenet121_advanced,VMIFGSM,500,471,35,0.07430997876857749,0.942,2026-05-15 12:37:40
swin_t_advanced,efficientnet_b0_advanced,VMIFGSM,500,488,76,0.1557377049180328,0.976,2026-05-15 12:37:41
swin_t_advanced,inception_v3_advanced,VMIFGSM,500,482,55,0.11410788381742738,0.964,2026-05-15 12:37:42
swin_t_advanced,mobilenet_v2_advanced,VMIFGSM,500,481,68,0.14137214137214138,0.962,2026-05-15 12:37:42
swin_t_advanced,resnet18_advanced,VMIFGSM,500,478,36,0.07531380753138076,0.956,2026-05-15 12:37:43
swin_t_advanced,densenet121_adv_passive,VMIFGSM,500,492,13,0.026422764227642278,0.984,2026-05-15 12:37:44
swin_t_advanced,efficientnet_b0_adv_passive,VMIFGSM,500,500,3,0.006,1.0,2026-05-15 12:37:44
swin_t_advanced,inception_v3_adv_passive,VMIFGSM,500,488,6,0.012295081967213115,0.976,2026-05-15 12:37:45
swin_t_advanced,mobilenet_v2_adv_passive,VMIFGSM,500,498,9,0.018072289156626505,0.996,2026-05-15 12:37:46
swin_t_advanced,resnet18_adv_passive,VMIFGSM,500,490,9,0.018367346938775512,0.98,2026-05-15 12:37:46
swin_t_advanced,swin_t_adv_passive,VMIFGSM,500,495,55,0.1111111111111111,0.99,2026-05-15 12:37:47
swin_t_advanced,densenet121_advanced,VNIFGSM,500,480,36,0.075,0.96,2026-05-15 12:55:14
swin_t_advanced,efficientnet_b0_advanced,VNIFGSM,500,487,73,0.14989733059548255,0.974,2026-05-15 12:55:15
swin_t_advanced,inception_v3_advanced,VNIFGSM,500,484,68,0.14049586776859505,0.968,2026-05-15 12:55:16
swin_t_advanced,mobilenet_v2_advanced,VNIFGSM,500,487,80,0.16427104722792607,0.974,2026-05-15 12:55:16
swin_t_advanced,resnet18_advanced,VNIFGSM,500,482,37,0.07676348547717843,0.964,2026-05-15 12:55:17
swin_t_advanced,densenet121_adv_passive,VNIFGSM,500,499,10,0.02004008016032064,0.998,2026-05-15 12:55:18
swin_t_advanced,efficientnet_b0_adv_passive,VNIFGSM,500,498,2,0.004016064257028112,0.996,2026-05-15 12:55:18
swin_t_advanced,inception_v3_adv_passive,VNIFGSM,500,491,13,0.026476578411405296,0.982,2026-05-15 12:55:19
swin_t_advanced,mobilenet_v2_adv_passive,VNIFGSM,500,498,15,0.030120481927710843,0.996,2026-05-15 12:55:20
swin_t_advanced,resnet18_adv_passive,VNIFGSM,500,492,8,0.016260162601626018,0.984,2026-05-15 12:55:20
swin_t_advanced,swin_t_adv_passive,VNIFGSM,500,497,64,0.12877263581488935,0.994,2026-05-15 12:55:21
swin_t_advanced,densenet121_advanced,OnePixel,32,25,0,0.0,0.78125,2026-05-15 13:18:00
swin_t_advanced,efficientnet_b0_advanced,OnePixel,32,26,0,0.0,0.8125,2026-05-15 13:18:00
swin_t_advanced,inception_v3_advanced,OnePixel,32,26,0,0.0,0.8125,2026-05-15 13:18:01
swin_t_advanced,mobilenet_v2_advanced,OnePixel,32,30,0,0.0,0.9375,2026-05-15 13:18:01
swin_t_advanced,resnet18_advanced,OnePixel,32,25,0,0.0,0.78125,2026-05-15 13:18:01
swin_t_advanced,densenet121_adv_passive,OnePixel,32,27,0,0.0,0.84375,2026-05-15 13:18:02
swin_t_advanced,efficientnet_b0_adv_passive,OnePixel,32,31,0,0.0,0.96875,2026-05-15 13:18:02
swin_t_advanced,inception_v3_adv_passive,OnePixel,32,29,0,0.0,0.90625,2026-05-15 13:18:03
swin_t_advanced,mobilenet_v2_adv_passive,OnePixel,32,30,0,0.0,0.9375,2026-05-15 13:18:03
swin_t_advanced,resnet18_adv_passive,OnePixel,32,28,0,0.0,0.875,2026-05-15 13:18:03
swin_t_advanced,swin_t_adv_passive,OnePixel,32,30,0,0.0,0.9375,2026-05-15 13:18:04
swin_t_advanced,densenet121_advanced,Pixle,500,464,123,0.2650862068965517,0.928,2026-05-15 14:50:03
swin_t_advanced,efficientnet_b0_advanced,Pixle,500,484,16,0.03305785123966942,0.968,2026-05-15 14:50:04
swin_t_advanced,inception_v3_advanced,Pixle,500,471,56,0.11889596602972399,0.942,2026-05-15 14:50:05
swin_t_advanced,mobilenet_v2_advanced,Pixle,500,473,54,0.11416490486257928,0.946,2026-05-15 14:50:05
swin_t_advanced,resnet18_advanced,Pixle,500,467,104,0.22269807280513917,0.934,2026-05-15 14:50:06
swin_t_advanced,densenet121_adv_passive,Pixle,500,490,7,0.014285714285714285,0.98,2026-05-15 14:50:07
swin_t_advanced,efficientnet_b0_adv_passive,Pixle,500,496,1,0.0020161290322580645,0.992,2026-05-15 14:50:07
swin_t_advanced,inception_v3_adv_passive,Pixle,500,479,5,0.010438413361169102,0.958,2026-05-15 14:50:08
swin_t_advanced,mobilenet_v2_adv_passive,Pixle,500,494,4,0.008097165991902834,0.988,2026-05-15 14:50:08
swin_t_advanced,resnet18_adv_passive,Pixle,500,491,8,0.016293279022403257,0.982,2026-05-15 14:50:09
swin_t_advanced,swin_t_adv_passive,Pixle,500,491,0,0.0,0.982,2026-05-15 14:50:10
swin_t_advanced,densenet121_advanced,Square,500,480,34,0.07083333333333333,0.96,2026-05-15 16:00:41
swin_t_advanced,efficientnet_b0_advanced,Square,500,485,33,0.06804123711340206,0.97,2026-05-15 16:00:41
swin_t_advanced,inception_v3_advanced,Square,500,481,25,0.05197505197505198,0.962,2026-05-15 16:00:43
swin_t_advanced,mobilenet_v2_advanced,Square,500,486,56,0.11522633744855967,0.972,2026-05-15 16:00:43
swin_t_advanced,resnet18_advanced,Square,500,479,12,0.025052192066805846,0.958,2026-05-15 16:00:44
swin_t_advanced,densenet121_adv_passive,Square,500,494,10,0.020242914979757085,0.988,2026-05-15 16:00:44
swin_t_advanced,efficientnet_b0_adv_passive,Square,500,499,6,0.012024048096192385,0.998,2026-05-15 16:00:45
swin_t_advanced,inception_v3_adv_passive,Square,500,489,12,0.024539877300613498,0.978,2026-05-15 16:00:46
swin_t_advanced,mobilenet_v2_adv_passive,Square,500,496,10,0.020161290322580645,0.992,2026-05-15 16:00:46
swin_t_advanced,resnet18_adv_passive,Square,500,493,6,0.012170385395537525,0.986,2026-05-15 16:00:47
swin_t_advanced,swin_t_adv_passive,Square,500,495,4,0.00808080808080808,0.99,2026-05-15 16:00:48
densenet121_adv_passive,densenet121_advanced,APGD,500,465,45,0.0967741935483871,0.93,2026-05-15 16:06:18
densenet121_adv_passive,efficientnet_b0_advanced,APGD,500,476,31,0.06512605042016807,0.952,2026-05-15 16:06:19
densenet121_adv_passive,inception_v3_advanced,APGD,500,462,29,0.06277056277056277,0.924,2026-05-15 16:06:20
densenet121_adv_passive,mobilenet_v2_advanced,APGD,500,478,49,0.10251046025104603,0.956,2026-05-15 16:06:20
densenet121_adv_passive,resnet18_advanced,APGD,500,462,18,0.03896103896103896,0.924,2026-05-15 16:06:21
densenet121_adv_passive,swin_t_advanced,APGD,500,441,18,0.04081632653061224,0.882,2026-05-15 16:06:22
densenet121_adv_passive,efficientnet_b0_adv_passive,APGD,500,499,12,0.02404809619238477,0.998,2026-05-15 16:06:23
densenet121_adv_passive,inception_v3_adv_passive,APGD,500,482,7,0.014522821576763486,0.964,2026-05-15 16:06:23
densenet121_adv_passive,mobilenet_v2_adv_passive,APGD,500,493,13,0.02636916835699797,0.986,2026-05-15 16:06:24
densenet121_adv_passive,resnet18_adv_passive,APGD,500,484,17,0.03512396694214876,0.968,2026-05-15 16:06:24
densenet121_adv_passive,swin_t_adv_passive,APGD,500,491,10,0.020366598778004074,0.982,2026-05-15 16:06:26
densenet121_adv_passive,densenet121_advanced,APGDT,500,464,49,0.10560344827586207,0.928,2026-05-15 16:12:13
densenet121_adv_passive,efficientnet_b0_advanced,APGDT,500,480,48,0.1,0.96,2026-05-15 16:12:14
densenet121_adv_passive,inception_v3_advanced,APGDT,500,469,44,0.09381663113006397,0.938,2026-05-15 16:12:15
densenet121_adv_passive,mobilenet_v2_advanced,APGDT,500,481,49,0.10187110187110188,0.962,2026-05-15 16:12:15
densenet121_adv_passive,resnet18_advanced,APGDT,500,470,21,0.04468085106382979,0.94,2026-05-15 16:12:16
densenet121_adv_passive,swin_t_advanced,APGDT,500,440,24,0.05454545454545454,0.88,2026-05-15 16:12:17
densenet121_adv_passive,efficientnet_b0_adv_passive,APGDT,500,500,8,0.016,1.0,2026-05-15 16:12:18
densenet121_adv_passive,inception_v3_adv_passive,APGDT,500,484,10,0.02066115702479339,0.968,2026-05-15 16:12:18
densenet121_adv_passive,mobilenet_v2_adv_passive,APGDT,500,494,25,0.05060728744939271,0.988,2026-05-15 16:12:19
densenet121_adv_passive,resnet18_adv_passive,APGDT,500,488,13,0.02663934426229508,0.976,2026-05-15 16:12:19
densenet121_adv_passive,swin_t_adv_passive,APGDT,500,491,14,0.028513238289205704,0.982,2026-05-15 16:12:21
densenet121_adv_passive,densenet121_advanced,BIM,500,464,48,0.10344827586206896,0.928,2026-05-15 16:17:04
densenet121_adv_passive,efficientnet_b0_advanced,BIM,500,480,48,0.1,0.96,2026-05-15 16:17:05
densenet121_adv_passive,inception_v3_advanced,BIM,500,469,45,0.09594882729211088,0.938,2026-05-15 16:17:06
densenet121_adv_passive,mobilenet_v2_advanced,BIM,500,481,44,0.09147609147609148,0.962,2026-05-15 16:17:06
densenet121_adv_passive,resnet18_advanced,BIM,500,470,28,0.059574468085106386,0.94,2026-05-15 16:17:07
densenet121_adv_passive,swin_t_advanced,BIM,500,440,16,0.03636363636363636,0.88,2026-05-15 16:17:08
densenet121_adv_passive,efficientnet_b0_adv_passive,BIM,500,500,8,0.016,1.0,2026-05-15 16:17:09
densenet121_adv_passive,inception_v3_adv_passive,BIM,500,484,8,0.01652892561983471,0.968,2026-05-15 16:17:10
densenet121_adv_passive,mobilenet_v2_adv_passive,BIM,500,494,20,0.04048582995951417,0.988,2026-05-15 16:17:10
densenet121_adv_passive,resnet18_adv_passive,BIM,500,488,23,0.0471311475409836,0.976,2026-05-15 16:17:11
densenet121_adv_passive,swin_t_adv_passive,BIM,500,491,14,0.028513238289205704,0.982,2026-05-15 16:17:12
densenet121_adv_passive,densenet121_advanced,CW,500,469,8,0.017057569296375266,0.938,2026-05-15 16:27:16
densenet121_adv_passive,efficientnet_b0_advanced,CW,500,469,2,0.0042643923240938165,0.938,2026-05-15 16:27:16
densenet121_adv_passive,inception_v3_advanced,CW,500,464,4,0.008620689655172414,0.928,2026-05-15 16:27:17
densenet121_adv_passive,mobilenet_v2_advanced,CW,500,480,6,0.0125,0.96,2026-05-15 16:27:18
densenet121_adv_passive,resnet18_advanced,CW,500,462,3,0.006493506493506494,0.924,2026-05-15 16:27:19
densenet121_adv_passive,swin_t_advanced,CW,500,439,3,0.00683371298405467,0.878,2026-05-15 16:27:20
densenet121_adv_passive,efficientnet_b0_adv_passive,CW,500,497,0,0.0,0.994,2026-05-15 16:27:20
densenet121_adv_passive,inception_v3_adv_passive,CW,500,483,2,0.004140786749482402,0.966,2026-05-15 16:27:21
densenet121_adv_passive,mobilenet_v2_adv_passive,CW,500,495,2,0.00404040404040404,0.99,2026-05-15 16:27:22
densenet121_adv_passive,resnet18_adv_passive,CW,500,487,6,0.012320328542094456,0.974,2026-05-15 16:27:22
densenet121_adv_passive,swin_t_adv_passive,CW,500,493,1,0.002028397565922921,0.986,2026-05-15 16:27:24
densenet121_adv_passive,densenet121_advanced,DeepFool,500,463,2,0.004319654427645789,0.926,2026-05-15 16:42:12
densenet121_adv_passive,efficientnet_b0_advanced,DeepFool,500,480,0,0.0,0.96,2026-05-15 16:42:13
densenet121_adv_passive,inception_v3_advanced,DeepFool,500,473,2,0.004228329809725159,0.946,2026-05-15 16:42:14
densenet121_adv_passive,mobilenet_v2_advanced,DeepFool,500,479,0,0.0,0.958,2026-05-15 16:42:15
densenet121_adv_passive,resnet18_advanced,DeepFool,500,475,1,0.002105263157894737,0.95,2026-05-15 16:42:15
densenet121_adv_passive,swin_t_advanced,DeepFool,500,445,1,0.0022471910112359553,0.89,2026-05-15 16:42:16
densenet121_adv_passive,efficientnet_b0_adv_passive,DeepFool,500,498,0,0.0,0.996,2026-05-15 16:42:17
densenet121_adv_passive,inception_v3_adv_passive,DeepFool,500,480,2,0.004166666666666667,0.96,2026-05-15 16:42:18
densenet121_adv_passive,mobilenet_v2_adv_passive,DeepFool,500,495,0,0.0,0.99,2026-05-15 16:42:18
densenet121_adv_passive,resnet18_adv_passive,DeepFool,500,485,1,0.002061855670103093,0.97,2026-05-15 16:42:19
densenet121_adv_passive,swin_t_adv_passive,DeepFool,500,489,0,0.0,0.978,2026-05-15 16:42:20
densenet121_adv_passive,densenet121_advanced,DIFGSM,500,463,45,0.09719222462203024,0.926,2026-05-15 16:47:06
densenet121_adv_passive,efficientnet_b0_advanced,DIFGSM,500,487,54,0.11088295687885011,0.974,2026-05-15 16:47:07
densenet121_adv_passive,inception_v3_advanced,DIFGSM,500,474,41,0.08649789029535865,0.948,2026-05-15 16:47:08
densenet121_adv_passive,mobilenet_v2_advanced,DIFGSM,500,478,60,0.12552301255230125,0.956,2026-05-15 16:47:09
densenet121_adv_passive,resnet18_advanced,DIFGSM,500,475,30,0.06315789473684211,0.95,2026-05-15 16:47:09
densenet121_adv_passive,swin_t_advanced,DIFGSM,500,449,23,0.051224944320712694,0.898,2026-05-15 16:47:10
densenet121_adv_passive,efficientnet_b0_adv_passive,DIFGSM,500,496,17,0.034274193548387094,0.992,2026-05-15 16:47:11
densenet121_adv_passive,inception_v3_adv_passive,DIFGSM,500,481,18,0.037422037422037424,0.962,2026-05-15 16:47:12
densenet121_adv_passive,mobilenet_v2_adv_passive,DIFGSM,500,493,34,0.06896551724137931,0.986,2026-05-15 16:47:12
densenet121_adv_passive,resnet18_adv_passive,DIFGSM,500,488,35,0.07172131147540983,0.976,2026-05-15 16:47:13
densenet121_adv_passive,swin_t_adv_passive,DIFGSM,500,495,23,0.046464646464646465,0.99,2026-05-15 16:47:14
densenet121_adv_passive,densenet121_advanced,EADEN,500,466,3,0.006437768240343348,0.932,2026-05-15 17:45:38
densenet121_adv_passive,efficientnet_b0_advanced,EADEN,500,484,0,0.0,0.968,2026-05-15 17:45:39
densenet121_adv_passive,inception_v3_advanced,EADEN,500,474,3,0.006329113924050633,0.948,2026-05-15 17:45:40
densenet121_adv_passive,mobilenet_v2_advanced,EADEN,500,480,0,0.0,0.96,2026-05-15 17:45:41
densenet121_adv_passive,resnet18_advanced,EADEN,500,470,2,0.00425531914893617,0.94,2026-05-15 17:45:41
densenet121_adv_passive,swin_t_advanced,EADEN,500,439,1,0.002277904328018223,0.878,2026-05-15 17:45:42
densenet121_adv_passive,efficientnet_b0_adv_passive,EADEN,500,497,0,0.0,0.994,2026-05-15 17:45:43
densenet121_adv_passive,inception_v3_adv_passive,EADEN,500,481,0,0.0,0.962,2026-05-15 17:45:44
densenet121_adv_passive,mobilenet_v2_adv_passive,EADEN,500,491,1,0.002036659877800407,0.982,2026-05-15 17:45:44
densenet121_adv_passive,resnet18_adv_passive,EADEN,500,486,0,0.0,0.972,2026-05-15 17:45:45
densenet121_adv_passive,swin_t_adv_passive,EADEN,500,492,0,0.0,0.984,2026-05-15 17:45:46
densenet121_adv_passive,densenet121_advanced,EADL1,500,476,2,0.004201680672268907,0.952,2026-05-15 18:45:19
densenet121_adv_passive,efficientnet_b0_advanced,EADL1,500,482,2,0.004149377593360996,0.964,2026-05-15 18:45:20
densenet121_adv_passive,inception_v3_advanced,EADL1,500,466,4,0.008583690987124463,0.932,2026-05-15 18:45:21
densenet121_adv_passive,mobilenet_v2_advanced,EADL1,500,484,4,0.008264462809917356,0.968,2026-05-15 18:45:21
densenet121_adv_passive,resnet18_advanced,EADL1,500,472,4,0.00847457627118644,0.944,2026-05-15 18:45:22
densenet121_adv_passive,swin_t_advanced,EADL1,500,440,0,0.0,0.88,2026-05-15 18:45:23
densenet121_adv_passive,efficientnet_b0_adv_passive,EADL1,500,497,0,0.0,0.994,2026-05-15 18:45:24
densenet121_adv_passive,inception_v3_adv_passive,EADL1,500,485,0,0.0,0.97,2026-05-15 18:45:25
densenet121_adv_passive,mobilenet_v2_adv_passive,EADL1,500,497,0,0.0,0.994,2026-05-15 18:45:25
densenet121_adv_passive,resnet18_adv_passive,EADL1,500,484,0,0.0,0.968,2026-05-15 18:45:26
densenet121_adv_passive,swin_t_adv_passive,EADL1,500,496,0,0.0,0.992,2026-05-15 18:45:27
densenet121_adv_passive,densenet121_advanced,EOTPGD,500,472,32,0.06779661016949153,0.944,2026-05-15 18:54:08
densenet121_adv_passive,efficientnet_b0_advanced,EOTPGD,500,476,33,0.06932773109243698,0.952,2026-05-15 18:54:09
densenet121_adv_passive,inception_v3_advanced,EOTPGD,500,472,23,0.048728813559322036,0.944,2026-05-15 18:54:10
densenet121_adv_passive,mobilenet_v2_advanced,EOTPGD,500,482,28,0.058091286307053944,0.964,2026-05-15 18:54:10
densenet121_adv_passive,resnet18_advanced,EOTPGD,500,475,17,0.035789473684210524,0.95,2026-05-15 18:54:11
densenet121_adv_passive,swin_t_advanced,EOTPGD,500,454,11,0.024229074889867842,0.908,2026-05-15 18:54:12
densenet121_adv_passive,efficientnet_b0_adv_passive,EOTPGD,500,497,7,0.014084507042253521,0.994,2026-05-15 18:54:13
densenet121_adv_passive,inception_v3_adv_passive,EOTPGD,500,484,12,0.024793388429752067,0.968,2026-05-15 18:54:14
densenet121_adv_passive,mobilenet_v2_adv_passive,EOTPGD,500,495,18,0.03636363636363636,0.99,2026-05-15 18:54:14
densenet121_adv_passive,resnet18_adv_passive,EOTPGD,500,487,10,0.02053388090349076,0.974,2026-05-15 18:54:15
densenet121_adv_passive,swin_t_adv_passive,EOTPGD,500,490,4,0.00816326530612245,0.98,2026-05-15 18:54:16
densenet121_adv_passive,densenet121_advanced,FAB,500,464,0,0.0,0.928,2026-05-15 19:26:38
densenet121_adv_passive,efficientnet_b0_advanced,FAB,500,479,1,0.0020876826722338203,0.958,2026-05-15 19:26:38
densenet121_adv_passive,inception_v3_advanced,FAB,500,477,1,0.0020964360587002098,0.954,2026-05-15 19:26:39
densenet121_adv_passive,mobilenet_v2_advanced,FAB,500,474,1,0.002109704641350211,0.948,2026-05-15 19:26:40
densenet121_adv_passive,resnet18_advanced,FAB,500,470,1,0.002127659574468085,0.94,2026-05-15 19:26:40
densenet121_adv_passive,swin_t_advanced,FAB,500,454,1,0.0022026431718061676,0.908,2026-05-15 19:26:41
densenet121_adv_passive,efficientnet_b0_adv_passive,FAB,500,499,0,0.0,0.998,2026-05-15 19:26:42
densenet121_adv_passive,inception_v3_adv_passive,FAB,500,485,1,0.002061855670103093,0.97,2026-05-15 19:26:43
densenet121_adv_passive,mobilenet_v2_adv_passive,FAB,500,494,0,0.0,0.988,2026-05-15 19:26:44
densenet121_adv_passive,resnet18_adv_passive,FAB,500,487,0,0.0,0.974,2026-05-15 19:26:44
densenet121_adv_passive,swin_t_adv_passive,FAB,500,494,0,0.0,0.988,2026-05-15 19:26:45
densenet121_adv_passive,densenet121_advanced,FFGSM,500,429,72,0.16783216783216784,0.858,2026-05-15 19:28:19
densenet121_adv_passive,efficientnet_b0_advanced,FFGSM,500,470,91,0.19361702127659575,0.94,2026-05-15 19:28:19
densenet121_adv_passive,inception_v3_advanced,FFGSM,500,442,81,0.1832579185520362,0.884,2026-05-15 19:28:20
densenet121_adv_passive,mobilenet_v2_advanced,FFGSM,500,455,88,0.1934065934065934,0.91,2026-05-15 19:28:21
densenet121_adv_passive,resnet18_advanced,FFGSM,500,444,59,0.13288288288288289,0.888,2026-05-15 19:28:21
densenet121_adv_passive,swin_t_advanced,FFGSM,500,398,46,0.11557788944723618,0.796,2026-05-15 19:28:23
densenet121_adv_passive,efficientnet_b0_adv_passive,FFGSM,500,495,23,0.046464646464646465,0.99,2026-05-15 19:28:23
densenet121_adv_passive,inception_v3_adv_passive,FFGSM,500,471,38,0.08067940552016985,0.942,2026-05-15 19:28:24
densenet121_adv_passive,mobilenet_v2_adv_passive,FFGSM,500,486,54,0.1111111111111111,0.972,2026-05-15 19:28:24
densenet121_adv_passive,resnet18_adv_passive,FFGSM,500,477,42,0.0880503144654088,0.954,2026-05-15 19:28:25
densenet121_adv_passive,swin_t_adv_passive,FFGSM,500,481,28,0.058212058212058215,0.962,2026-05-15 19:28:26
densenet121_adv_passive,densenet121_advanced,FGSM,500,423,97,0.2293144208037825,0.846,2026-05-15 19:30:06
densenet121_adv_passive,efficientnet_b0_advanced,FGSM,500,453,90,0.1986754966887417,0.906,2026-05-15 19:30:06
densenet121_adv_passive,inception_v3_advanced,FGSM,500,437,95,0.21739130434782608,0.874,2026-05-15 19:30:07
densenet121_adv_passive,mobilenet_v2_advanced,FGSM,500,455,102,0.22417582417582418,0.91,2026-05-15 19:30:08
densenet121_adv_passive,resnet18_advanced,FGSM,500,432,70,0.16203703703703703,0.864,2026-05-15 19:30:08
densenet121_adv_passive,swin_t_advanced,FGSM,500,387,57,0.14728682170542637,0.774,2026-05-15 19:30:10
densenet121_adv_passive,efficientnet_b0_adv_passive,FGSM,500,494,37,0.07489878542510121,0.988,2026-05-15 19:30:10
densenet121_adv_passive,inception_v3_adv_passive,FGSM,500,457,34,0.07439824945295405,0.914,2026-05-15 19:30:11
densenet121_adv_passive,mobilenet_v2_adv_passive,FGSM,500,482,57,0.11825726141078838,0.964,2026-05-15 19:30:11
densenet121_adv_passive,resnet18_adv_passive,FGSM,500,459,47,0.10239651416122005,0.918,2026-05-15 19:30:12
densenet121_adv_passive,swin_t_adv_passive,FGSM,500,485,38,0.07835051546391752,0.97,2026-05-15 19:30:13
densenet121_adv_passive,densenet121_advanced,GN,240,153,88,0.5751633986928104,0.6375,2026-05-15 19:32:04
densenet121_adv_passive,efficientnet_b0_advanced,GN,240,195,177,0.9076923076923077,0.8125,2026-05-15 19:32:04
densenet121_adv_passive,inception_v3_advanced,GN,240,170,134,0.788235294117647,0.7083333333333334,2026-05-15 19:32:05
densenet121_adv_passive,mobilenet_v2_advanced,GN,240,181,114,0.6298342541436464,0.7541666666666667,2026-05-15 19:32:05
densenet121_adv_passive,resnet18_advanced,GN,240,159,124,0.779874213836478,0.6625,2026-05-15 19:32:06
densenet121_adv_passive,swin_t_advanced,GN,240,131,82,0.6259541984732825,0.5458333333333333,2026-05-15 19:32:07
densenet121_adv_passive,efficientnet_b0_adv_passive,GN,240,233,190,0.8154506437768241,0.9708333333333333,2026-05-15 19:32:07
densenet121_adv_passive,inception_v3_adv_passive,GN,240,189,66,0.3492063492063492,0.7875,2026-05-15 19:32:08
densenet121_adv_passive,mobilenet_v2_adv_passive,GN,240,218,92,0.42201834862385323,0.9083333333333333,2026-05-15 19:32:08
densenet121_adv_passive,resnet18_adv_passive,GN,240,193,52,0.2694300518134715,0.8041666666666667,2026-05-15 19:32:08
densenet121_adv_passive,swin_t_adv_passive,GN,240,222,61,0.2747747747747748,0.925,2026-05-15 19:32:09
densenet121_adv_passive,densenet121_advanced,Jitter,500,455,23,0.05054945054945055,0.91,2026-05-15 19:37:22
densenet121_adv_passive,efficientnet_b0_advanced,Jitter,500,478,29,0.060669456066945605,0.956,2026-05-15 19:37:23
densenet121_adv_passive,inception_v3_advanced,Jitter,500,471,30,0.06369426751592357,0.942,2026-05-15 19:37:24
densenet121_adv_passive,mobilenet_v2_advanced,Jitter,500,478,32,0.06694560669456066,0.956,2026-05-15 19:37:24
densenet121_adv_passive,resnet18_advanced,Jitter,500,468,20,0.042735042735042736,0.936,2026-05-15 19:37:25
densenet121_adv_passive,swin_t_advanced,Jitter,500,435,10,0.022988505747126436,0.87,2026-05-15 19:37:26
densenet121_adv_passive,efficientnet_b0_adv_passive,Jitter,500,494,10,0.020242914979757085,0.988,2026-05-15 19:37:27
densenet121_adv_passive,inception_v3_adv_passive,Jitter,500,481,9,0.018711018711018712,0.962,2026-05-15 19:37:27
densenet121_adv_passive,mobilenet_v2_adv_passive,Jitter,500,490,11,0.022448979591836733,0.98,2026-05-15 19:37:28
densenet121_adv_passive,resnet18_adv_passive,Jitter,500,487,12,0.024640657084188913,0.974,2026-05-15 19:37:28
densenet121_adv_passive,swin_t_adv_passive,Jitter,500,489,5,0.010224948875255624,0.978,2026-05-15 19:37:30
densenet121_adv_passive,densenet121_advanced,MIFGSM,500,461,74,0.16052060737527116,0.922,2026-05-15 19:42:09
densenet121_adv_passive,efficientnet_b0_advanced,MIFGSM,500,482,75,0.15560165975103735,0.964,2026-05-15 19:42:09
densenet121_adv_passive,inception_v3_advanced,MIFGSM,500,477,64,0.13417190775681342,0.954,2026-05-15 19:42:10
densenet121_adv_passive,mobilenet_v2_advanced,MIFGSM,500,480,82,0.17083333333333334,0.96,2026-05-15 19:42:11
densenet121_adv_passive,resnet18_advanced,MIFGSM,500,468,46,0.09829059829059829,0.936,2026-05-15 19:42:11
densenet121_adv_passive,swin_t_advanced,MIFGSM,500,454,32,0.07048458149779736,0.908,2026-05-15 19:42:12
densenet121_adv_passive,efficientnet_b0_adv_passive,MIFGSM,500,498,22,0.04417670682730924,0.996,2026-05-15 19:42:13
densenet121_adv_passive,inception_v3_adv_passive,MIFGSM,500,486,12,0.024691358024691357,0.972,2026-05-15 19:42:14
densenet121_adv_passive,mobilenet_v2_adv_passive,MIFGSM,500,494,31,0.06275303643724696,0.988,2026-05-15 19:42:14
densenet121_adv_passive,resnet18_adv_passive,MIFGSM,500,486,37,0.07613168724279835,0.972,2026-05-15 19:42:15
densenet121_adv_passive,swin_t_adv_passive,MIFGSM,500,491,25,0.05091649694501019,0.982,2026-05-15 19:42:16
densenet121_adv_passive,densenet121_advanced,NIFGSM,500,462,66,0.14285714285714285,0.924,2026-05-15 19:46:56
densenet121_adv_passive,efficientnet_b0_advanced,NIFGSM,500,481,66,0.13721413721413722,0.962,2026-05-15 19:46:56
densenet121_adv_passive,inception_v3_advanced,NIFGSM,500,471,56,0.11889596602972399,0.942,2026-05-15 19:46:57
densenet121_adv_passive,mobilenet_v2_advanced,NIFGSM,500,479,78,0.162839248434238,0.958,2026-05-15 19:46:58
densenet121_adv_passive,resnet18_advanced,NIFGSM,500,465,40,0.08602150537634409,0.93,2026-05-15 19:46:58
densenet121_adv_passive,swin_t_advanced,NIFGSM,500,449,41,0.09131403118040089,0.898,2026-05-15 19:47:00
densenet121_adv_passive,efficientnet_b0_adv_passive,NIFGSM,500,499,8,0.01603206412825651,0.998,2026-05-15 19:47:00
densenet121_adv_passive,inception_v3_adv_passive,NIFGSM,500,490,20,0.04081632653061224,0.98,2026-05-15 19:47:01
densenet121_adv_passive,mobilenet_v2_adv_passive,NIFGSM,500,495,28,0.05656565656565657,0.99,2026-05-15 19:47:01
densenet121_adv_passive,resnet18_adv_passive,NIFGSM,500,487,24,0.049281314168377825,0.974,2026-05-15 19:47:02
densenet121_adv_passive,swin_t_adv_passive,NIFGSM,500,491,18,0.03665987780040733,0.982,2026-05-15 19:47:03
densenet121_adv_passive,densenet121_advanced,PGD,500,464,37,0.07974137931034483,0.928,2026-05-15 19:51:43
densenet121_adv_passive,efficientnet_b0_advanced,PGD,500,486,33,0.06790123456790123,0.972,2026-05-15 19:51:44
densenet121_adv_passive,inception_v3_advanced,PGD,500,469,31,0.06609808102345416,0.938,2026-05-15 19:51:45
densenet121_adv_passive,mobilenet_v2_advanced,PGD,500,480,43,0.08958333333333333,0.96,2026-05-15 19:51:45
densenet121_adv_passive,resnet18_advanced,PGD,500,470,19,0.04042553191489362,0.94,2026-05-15 19:51:46
densenet121_adv_passive,swin_t_advanced,PGD,500,435,18,0.041379310344827586,0.87,2026-05-15 19:51:47
densenet121_adv_passive,efficientnet_b0_adv_passive,PGD,500,496,13,0.02620967741935484,0.992,2026-05-15 19:51:47
densenet121_adv_passive,inception_v3_adv_passive,PGD,500,483,2,0.004140786749482402,0.966,2026-05-15 19:51:48
densenet121_adv_passive,mobilenet_v2_adv_passive,PGD,500,493,15,0.030425963488843813,0.986,2026-05-15 19:51:49
densenet121_adv_passive,resnet18_adv_passive,PGD,500,485,13,0.026804123711340205,0.97,2026-05-15 19:51:49
densenet121_adv_passive,swin_t_adv_passive,PGD,500,484,8,0.01652892561983471,0.968,2026-05-15 19:51:50
densenet121_adv_passive,densenet121_advanced,PGDL2,500,466,9,0.019313304721030045,0.932,2026-05-15 19:57:11
densenet121_adv_passive,efficientnet_b0_advanced,PGDL2,500,478,6,0.012552301255230125,0.956,2026-05-15 19:57:11
densenet121_adv_passive,inception_v3_advanced,PGDL2,500,474,6,0.012658227848101266,0.948,2026-05-15 19:57:12
densenet121_adv_passive,mobilenet_v2_advanced,PGDL2,500,482,2,0.004149377593360996,0.964,2026-05-15 19:57:13
densenet121_adv_passive,resnet18_advanced,PGDL2,500,468,2,0.004273504273504274,0.936,2026-05-15 19:57:13
densenet121_adv_passive,swin_t_advanced,PGDL2,500,440,2,0.004545454545454545,0.88,2026-05-15 19:57:14
densenet121_adv_passive,efficientnet_b0_adv_passive,PGDL2,500,498,0,0.0,0.996,2026-05-15 19:57:15
densenet121_adv_passive,inception_v3_adv_passive,PGDL2,500,486,3,0.006172839506172839,0.972,2026-05-15 19:57:16
densenet121_adv_passive,mobilenet_v2_adv_passive,PGDL2,500,493,5,0.010141987829614604,0.986,2026-05-15 19:57:16
densenet121_adv_passive,resnet18_adv_passive,PGDL2,500,490,3,0.006122448979591836,0.98,2026-05-15 19:57:17
densenet121_adv_passive,swin_t_adv_passive,PGDL2,500,492,4,0.008130081300813009,0.984,2026-05-15 19:57:18
densenet121_adv_passive,densenet121_advanced,PGDRS,500,464,57,0.12284482758620689,0.928,2026-05-15 20:06:12
densenet121_adv_passive,efficientnet_b0_advanced,PGDRS,500,481,57,0.11850311850311851,0.962,2026-05-15 20:06:12
densenet121_adv_passive,inception_v3_advanced,PGDRS,500,471,51,0.10828025477707007,0.942,2026-05-15 20:06:13
densenet121_adv_passive,mobilenet_v2_advanced,PGDRS,500,487,82,0.16837782340862423,0.974,2026-05-15 20:06:14
densenet121_adv_passive,resnet18_advanced,PGDRS,500,475,30,0.06315789473684211,0.95,2026-05-15 20:06:14
densenet121_adv_passive,swin_t_advanced,PGDRS,500,453,24,0.052980132450331126,0.906,2026-05-15 20:06:16
densenet121_adv_passive,efficientnet_b0_adv_passive,PGDRS,500,496,15,0.03024193548387097,0.992,2026-05-15 20:06:16
densenet121_adv_passive,inception_v3_adv_passive,PGDRS,500,487,16,0.03285420944558522,0.974,2026-05-15 20:06:17
densenet121_adv_passive,mobilenet_v2_adv_passive,PGDRS,500,489,35,0.07157464212678936,0.978,2026-05-15 20:06:18
densenet121_adv_passive,resnet18_adv_passive,PGDRS,500,489,33,0.06748466257668712,0.978,2026-05-15 20:06:18
densenet121_adv_passive,swin_t_adv_passive,PGDRS,500,486,19,0.03909465020576132,0.972,2026-05-15 20:06:19
densenet121_adv_passive,densenet121_advanced,PGDRSL2,500,423,24,0.05673758865248227,0.846,2026-05-15 20:23:46
densenet121_adv_passive,efficientnet_b0_advanced,PGDRSL2,500,450,14,0.03111111111111111,0.9,2026-05-15 20:23:47
densenet121_adv_passive,inception_v3_advanced,PGDRSL2,500,433,16,0.03695150115473441,0.866,2026-05-15 20:23:48
densenet121_adv_passive,mobilenet_v2_advanced,PGDRSL2,500,446,17,0.03811659192825112,0.892,2026-05-15 20:23:48
densenet121_adv_passive,resnet18_advanced,PGDRSL2,500,425,11,0.02588235294117647,0.85,2026-05-15 20:23:49
densenet121_adv_passive,swin_t_advanced,PGDRSL2,500,382,4,0.010471204188481676,0.764,2026-05-15 20:23:50
densenet121_adv_passive,efficientnet_b0_adv_passive,PGDRSL2,500,496,4,0.008064516129032258,0.992,2026-05-15 20:23:51
densenet121_adv_passive,inception_v3_adv_passive,PGDRSL2,500,459,7,0.015250544662309368,0.918,2026-05-15 20:23:52
densenet121_adv_passive,mobilenet_v2_adv_passive,PGDRSL2,500,480,16,0.03333333333333333,0.96,2026-05-15 20:23:52
densenet121_adv_passive,resnet18_adv_passive,PGDRSL2,500,467,20,0.042826552462526764,0.934,2026-05-15 20:23:52
densenet121_adv_passive,swin_t_adv_passive,PGDRSL2,500,484,15,0.030991735537190084,0.968,2026-05-15 20:23:54
densenet121_adv_passive,densenet121_advanced,RFGSM,500,453,27,0.059602649006622516,0.906,2026-05-15 20:28:29
densenet121_adv_passive,efficientnet_b0_advanced,RFGSM,500,480,38,0.07916666666666666,0.96,2026-05-15 20:28:30
densenet121_adv_passive,inception_v3_advanced,RFGSM,500,470,24,0.05106382978723404,0.94,2026-05-15 20:28:31
densenet121_adv_passive,mobilenet_v2_advanced,RFGSM,500,472,44,0.09322033898305085,0.944,2026-05-15 20:28:31
densenet121_adv_passive,resnet18_advanced,RFGSM,500,463,17,0.0367170626349892,0.926,2026-05-15 20:28:32
densenet121_adv_passive,swin_t_advanced,RFGSM,500,436,21,0.0481651376146789,0.872,2026-05-15 20:28:33
densenet121_adv_passive,efficientnet_b0_adv_passive,RFGSM,500,498,6,0.012048192771084338,0.996,2026-05-15 20:28:34
densenet121_adv_passive,inception_v3_adv_passive,RFGSM,500,480,9,0.01875,0.96,2026-05-15 20:28:35
densenet121_adv_passive,mobilenet_v2_adv_passive,RFGSM,500,489,24,0.049079754601226995,0.978,2026-05-15 20:28:35
densenet121_adv_passive,resnet18_adv_passive,RFGSM,500,483,16,0.033126293995859216,0.966,2026-05-15 20:28:35
densenet121_adv_passive,swin_t_adv_passive,RFGSM,500,496,12,0.024193548387096774,0.992,2026-05-15 20:28:37
densenet121_adv_passive,densenet121_advanced,SINIFGSM,500,459,68,0.14814814814814814,0.918,2026-05-15 20:53:44
densenet121_adv_passive,efficientnet_b0_advanced,SINIFGSM,500,480,66,0.1375,0.96,2026-05-15 20:53:45
densenet121_adv_passive,inception_v3_advanced,SINIFGSM,500,468,64,0.13675213675213677,0.936,2026-05-15 20:53:46
densenet121_adv_passive,mobilenet_v2_advanced,SINIFGSM,500,478,92,0.19246861924686193,0.956,2026-05-15 20:53:46
densenet121_adv_passive,resnet18_advanced,SINIFGSM,500,465,54,0.11612903225806452,0.93,2026-05-15 20:53:47
densenet121_adv_passive,swin_t_advanced,SINIFGSM,500,440,33,0.075,0.88,2026-05-15 20:53:48
densenet121_adv_passive,efficientnet_b0_adv_passive,SINIFGSM,500,499,24,0.04809619238476954,0.998,2026-05-15 20:53:48
densenet121_adv_passive,inception_v3_adv_passive,SINIFGSM,500,483,18,0.037267080745341616,0.966,2026-05-15 20:53:49
densenet121_adv_passive,mobilenet_v2_adv_passive,SINIFGSM,500,492,34,0.06910569105691057,0.984,2026-05-15 20:53:50
densenet121_adv_passive,resnet18_adv_passive,SINIFGSM,500,480,27,0.05625,0.96,2026-05-15 20:53:50
densenet121_adv_passive,swin_t_adv_passive,SINIFGSM,500,493,20,0.04056795131845842,0.986,2026-05-15 20:53:51
densenet121_adv_passive,densenet121_advanced,SPSA,500,407,26,0.06388206388206388,0.814,2026-05-15 21:33:50
densenet121_adv_passive,efficientnet_b0_advanced,SPSA,500,443,39,0.08803611738148984,0.886,2026-05-15 21:33:51
densenet121_adv_passive,inception_v3_advanced,SPSA,500,422,41,0.0971563981042654,0.844,2026-05-15 21:33:52
densenet121_adv_passive,mobilenet_v2_advanced,SPSA,500,441,46,0.10430839002267574,0.882,2026-05-15 21:33:52
densenet121_adv_passive,resnet18_advanced,SPSA,500,421,22,0.052256532066508314,0.842,2026-05-15 21:33:52
densenet121_adv_passive,swin_t_advanced,SPSA,500,361,20,0.055401662049861494,0.722,2026-05-15 21:33:54
densenet121_adv_passive,efficientnet_b0_adv_passive,SPSA,500,490,9,0.018367346938775512,0.98,2026-05-15 21:33:54
densenet121_adv_passive,inception_v3_adv_passive,SPSA,500,437,15,0.034324942791762014,0.874,2026-05-15 21:33:55
densenet121_adv_passive,mobilenet_v2_adv_passive,SPSA,500,476,22,0.046218487394957986,0.952,2026-05-15 21:33:55
densenet121_adv_passive,resnet18_adv_passive,SPSA,500,452,8,0.017699115044247787,0.904,2026-05-15 21:33:56
densenet121_adv_passive,swin_t_adv_passive,SPSA,500,472,10,0.0211864406779661,0.944,2026-05-15 21:33:57
densenet121_adv_passive,densenet121_advanced,TIFGSM,500,452,55,0.12168141592920353,0.904,2026-05-15 21:39:21
densenet121_adv_passive,efficientnet_b0_advanced,TIFGSM,500,481,32,0.06652806652806653,0.962,2026-05-15 21:39:22
densenet121_adv_passive,inception_v3_advanced,TIFGSM,500,471,33,0.07006369426751592,0.942,2026-05-15 21:39:23
densenet121_adv_passive,mobilenet_v2_advanced,TIFGSM,500,470,32,0.06808510638297872,0.94,2026-05-15 21:39:23
densenet121_adv_passive,resnet18_advanced,TIFGSM,500,471,27,0.05732484076433121,0.942,2026-05-15 21:39:24
densenet121_adv_passive,swin_t_advanced,TIFGSM,500,430,26,0.06046511627906977,0.86,2026-05-15 21:39:25
densenet121_adv_passive,efficientnet_b0_adv_passive,TIFGSM,500,498,12,0.024096385542168676,0.996,2026-05-15 21:39:25
densenet121_adv_passive,inception_v3_adv_passive,TIFGSM,500,481,7,0.014553014553014554,0.962,2026-05-15 21:39:26
densenet121_adv_passive,mobilenet_v2_adv_passive,TIFGSM,500,492,22,0.044715447154471545,0.984,2026-05-15 21:39:27
densenet121_adv_passive,resnet18_adv_passive,TIFGSM,500,489,28,0.05725971370143149,0.978,2026-05-15 21:39:27
densenet121_adv_passive,swin_t_adv_passive,TIFGSM,500,494,12,0.024291497975708502,0.988,2026-05-15 21:39:28
densenet121_adv_passive,densenet121_advanced,TPGD,500,463,32,0.06911447084233262,0.926,2026-05-15 21:49:45
densenet121_adv_passive,efficientnet_b0_advanced,TPGD,500,481,28,0.058212058212058215,0.962,2026-05-15 21:49:46
densenet121_adv_passive,inception_v3_advanced,TPGD,500,476,29,0.06092436974789916,0.952,2026-05-15 21:49:47
densenet121_adv_passive,mobilenet_v2_advanced,TPGD,500,485,44,0.09072164948453608,0.97,2026-05-15 21:49:47
densenet121_adv_passive,resnet18_advanced,TPGD,500,477,18,0.03773584905660377,0.954,2026-05-15 21:49:48
densenet121_adv_passive,swin_t_advanced,TPGD,500,452,19,0.0420353982300885,0.904,2026-05-15 21:49:49
densenet121_adv_passive,efficientnet_b0_adv_passive,TPGD,500,499,11,0.022044088176352707,0.998,2026-05-15 21:49:50
densenet121_adv_passive,inception_v3_adv_passive,TPGD,500,481,12,0.02494802494802495,0.962,2026-05-15 21:49:50
densenet121_adv_passive,mobilenet_v2_adv_passive,TPGD,500,493,19,0.038539553752535496,0.986,2026-05-15 21:49:51
densenet121_adv_passive,resnet18_adv_passive,TPGD,500,489,18,0.03680981595092025,0.978,2026-05-15 21:49:51
densenet121_adv_passive,swin_t_adv_passive,TPGD,500,496,7,0.014112903225806451,0.992,2026-05-15 21:49:53
densenet121_adv_passive,densenet121_advanced,UPGD,500,471,62,0.1316348195329087,0.942,2026-05-15 21:55:04
densenet121_adv_passive,efficientnet_b0_advanced,UPGD,500,481,51,0.10602910602910603,0.962,2026-05-15 21:55:04
densenet121_adv_passive,inception_v3_advanced,UPGD,500,475,42,0.08842105263157894,0.95,2026-05-15 21:55:05
densenet121_adv_passive,mobilenet_v2_advanced,UPGD,500,482,65,0.13485477178423236,0.964,2026-05-15 21:55:06
densenet121_adv_passive,resnet18_advanced,UPGD,500,477,40,0.08385744234800839,0.954,2026-05-15 21:55:06
densenet121_adv_passive,swin_t_advanced,UPGD,500,447,26,0.058165548098434,0.894,2026-05-15 21:55:07
densenet121_adv_passive,efficientnet_b0_adv_passive,UPGD,500,498,13,0.02610441767068273,0.996,2026-05-15 21:55:08
densenet121_adv_passive,inception_v3_adv_passive,UPGD,500,490,19,0.03877551020408163,0.98,2026-05-15 21:55:09
densenet121_adv_passive,mobilenet_v2_adv_passive,UPGD,500,495,26,0.052525252525252523,0.99,2026-05-15 21:55:09
densenet121_adv_passive,resnet18_adv_passive,UPGD,500,490,24,0.04897959183673469,0.98,2026-05-15 21:55:10
densenet121_adv_passive,swin_t_adv_passive,UPGD,500,490,15,0.030612244897959183,0.98,2026-05-15 21:55:11
