model_name,attack_name,acc,prec,rec,f1,l0_pixels,l1,l2,linf,power_mse,clean_accuracy,accuracy_drop,relative_accuracy_drop,asr_unconditional,asr_conditional,time,n_samples
efficientnet_b0,PGDRS,63.45177664974619,66.05654744115817,63.02627061821327,63.5416412028294,0,0,0,0,0,98.5,97.86548223350253,0.9935581952639851,0.36548223350253806,,1135.0818605422974,985
efficientnet_b0,PGDRSL2,97.46192893401016,97.43838485864322,97.39313542996568,97.38300638643669,0,0,0,0,0,98.5,97.5253807106599,0.9901053879254812,0.025380710659898442,,1159.8412775993347,985
