model_name,attack_name,acc,prec,rec,f1,l0_pixels,l1,l2,linf,power_mse,clean_accuracy,accuracy_drop,relative_accuracy_drop,asr_unconditional,asr_conditional,time,n_samples
mobilenet_v2,SPSA,3.5282258064516134,6.293658716132357,3.5121234656878095,4.154214866479078,0,0,0,0,0,99.2,99.16471774193549,0.9996443320759626,0.9647177419354839,,1606.469619512558,992
mobilenet_v2,EADEN,0.5040322580645161,0.5558625791431866,0.4627348340095031,0.5027570285610674,0,0,0,0,0,99.2,99.19495967741936,0.9999491902965661,0.9949596774193549,,5590.891246080399,992
mobilenet_v2,EADL1,0.9072580645161291,1.0957563045777143,0.8914129234324117,0.8995449442788892,0,0,0,0,0,99.2,99.19092741935484,0.9999085425338189,0.9909274193548387,,5533.0086896419525,992
