model_name,attack_name,acc,prec,rec,f1,l0_pixels,l1,l2,linf,power_mse,clean_accuracy,accuracy_drop,relative_accuracy_drop,asr_unconditional,asr_conditional,time,n_samples
resnet18,SPSA,1.7525773195876289,1.670228867372228,1.7354264244429725,1.6719947043538752,0,0,0,0,0,97.0,96.98247422680413,0.9998193219258158,0.9824742268041237,,1356.3343257904053,970
resnet18,EADEN,0.2061855670103093,0.21953405017921143,0.20855614973262032,0.2128586205019326,0,0,0,0,0,97.0,96.9979381443299,0.9999787437559783,0.9979381443298969,,2761.764096736908,970
resnet18,EADL1,0.8247422680412372,1.2669408678790781,0.7967127792007567,0.9060166961594259,0,0,0,0,0,97.0,96.99175257731959,0.9999149750239132,0.9917525773195877,,2762.1601481437683,970
