model_name,attack_name,acc,prec,rec,f1,l0_pixels,l1,l2,linf,power_mse,clean_accuracy,accuracy_drop,relative_accuracy_drop,asr_unconditional,asr_conditional,time,n_samples
vgg16,PGDRS,16.365568544102018,18.14340309289804,16.21083064040873,16.50109518330642,0,0,0,0,0,94.1,93.93634431455898,0.9982608322482358,0.8363443145589798,,724.0205030441284,941
vgg16,PGDRSL2,67.80021253985123,67.21253500986953,67.03276483367556,66.91313043075564,0,0,0,0,0,94.1,93.42199787460149,0.9927948764569765,0.32199787460148765,,1075.3133208751678,941
