model_name,attack_name,acc,prec,rec,f1,l0_pixels,l1,l2,linf,power_mse,clean_accuracy,accuracy_drop,relative_accuracy_drop,asr_unconditional,asr_conditional,time,n_samples
vgg16,APGD,18.318965517241377,21.40155595869882,17.30171421198401,18.691080946154024,40888.75,2387.920504865975,6.995798086297923,0.025625445398277248,0.00039841470732363666,0.9279999999999999,0.7448103448275861,0.8025973543400713,0.8168103448275862,,27.701773643493652,464
vgg16,APGDT,0.0,0.0,0.0,0.0,50152.93534482759,2805.6391354264883,8.183549404144287,0.03137257695198059,0.00044654579624906984,0.9279999999999999,0.9279999999999999,1.0,1.0,,30.688928604125977,464
vgg16,BIM,20.04310344827586,24.75920547113505,19.115672676440514,21.131060261408017,39274.0150862069,2136.688285564554,6.556217893444258,0.025084538899105172,0.0003575591537559501,0.9279999999999999,0.7275689655172413,0.7840182818073721,0.7995689655172413,,20.21630311012268,464
vgg16,CW,0.0,0.0,0.0,0.0,49103.43534482759,479.95882871233187,1.5576861085819786,0.019503350947694533,1.974788964409119e-05,0.9279999999999999,0.9279999999999999,1.0,1.0,,62.14393186569214,464
